depnmse,indepnmse,sampcovnmse,arval,run,nobs
0.029257879217703675,0.029024752998213606,0.046391676562559096,0.0,1.0,300.0
0.02120375743546225,0.020829670360919882,0.03481100578497056,0.0,2.0,300.0
0.01985956386523963,0.020114581321943794,0.04721356147677292,0.0,3.0,300.0
0.022293047525537485,0.0230060396511927,0.039787673506113466,0.0,4.0,300.0
0.010689859345949808,0.010926092332782432,0.031209679892752504,0.0,5.0,300.0
0.01457985698646298,0.01466030911132758,0.02793676760396525,0.0,6.0,300.0
0.012556746469078926,0.01244425536561541,0.041580493514824714,0.0,7.0,300.0
0.030002803327453496,0.02979475454790968,0.05750996699916755,0.0,8.0,300.0
0.014412928173292481,0.013369366036801143,0.03423118603957237,0.0,9.0,300.0
0.015383788051995887,0.014581285123261001,0.029912164933567888,0.0,10.0,300.0
0.015363803385962228,0.016149490656230905,0.040927410257346385,0.0,11.0,300.0
0.022786281272519027,0.021586665302143135,0.04237202751324633,0.0,12.0,300.0
0.028493687353865326,0.03412597058152107,0.04047415268243076,0.0,13.0,300.0
0.01898578138674497,0.019488626239359225,0.03997357382223001,0.0,14.0,300.0
0.012678553070805192,0.012037443109401077,0.032192500965342846,0.0,15.0,300.0
0.01831597639579359,0.018584133587174333,0.036224310818465645,0.0,16.0,300.0
0.026264641849188204,0.024149422754297434,0.04105122212818579,0.0,17.0,300.0
0.02353272371089417,0.024021262024307533,0.04297348609524421,0.0,18.0,300.0
0.01496395904525718,0.01458978068326661,0.027776198951454674,0.0,19.0,300.0
0.021334442842565388,0.01871492868784548,0.03856483700068531,0.0,20.0,300.0
0.02335377623384976,0.021530083260645927,0.055058174475275536,0.0,21.0,300.0
0.013787636707683395,0.01352645048423187,0.02919099122243888,0.0,22.0,300.0
0.0166339295942365,0.016720604695366344,0.033800454266219575,0.0,23.0,300.0
0.016304651384346416,0.014787928587800824,0.028187434948870726,0.0,24.0,300.0
0.024715432481545972,0.023005339187217845,0.03726357050173794,0.0,25.0,300.0
0.012864992819549002,0.012974987892959368,0.029757271772128033,0.0,26.0,300.0
0.013634598982024558,0.012646072740070312,0.03181914995637253,0.0,27.0,300.0
0.0172681191578597,0.029391440008256626,0.0365580564383337,0.0,28.0,300.0
0.01610490677064152,0.014329120062852533,0.05477199775276629,0.0,29.0,300.0
0.0221578358670726,0.023570042802221143,0.041370569349705094,0.0,30.0,300.0
0.01278775316338873,0.012511590308885125,0.03430556915911666,0.0,31.0,300.0
0.01490731484090499,0.02578285843704395,0.031204765966573792,0.0,32.0,300.0
0.013496201238703827,0.014752088037729408,0.03728286245159122,0.0,33.0,300.0
0.02062398533479405,0.027224410280570526,0.05247851982301028,0.0,34.0,300.0
0.029820468506863436,0.02287441186871242,0.052435618157114186,0.0,35.0,300.0
0.014833826824385606,0.015146185163738508,0.03656684529832507,0.0,36.0,300.0
0.01575272801504813,0.03674064672682594,0.04073994463462244,0.0,37.0,300.0
0.010076697587718508,0.01120966227175426,0.024042767213753705,0.0,38.0,300.0
0.01980986983174,0.0193210698924419,0.0400966264078645,0.0,39.0,300.0
0.019023113867851556,0.019503810112051437,0.03345662436393376,0.0,40.0,300.0
0.02089282307631002,0.020710462047371248,0.03600157989593573,0.0,41.0,300.0
0.0369344049510437,0.03977517117918607,0.042195128080693776,0.0,42.0,300.0
0.057819675471245495,0.017249557505098722,0.028842551160546136,0.0,43.0,300.0
0.013501665526285254,0.013016771939161394,0.02454865741936352,0.0,44.0,300.0
0.02171848858042798,0.020848372451532964,0.03381572558125917,0.0,45.0,300.0
0.019927112534103095,0.021153053337202195,0.0344163888837818,0.0,46.0,300.0
0.01249698419167092,0.012047056442480941,0.02697317728092008,0.0,47.0,300.0
0.01355453039584088,0.013343249414840828,0.03893667775305063,0.0,48.0,300.0
0.02018264857183781,0.022524284114700418,0.03837803616899016,0.0,49.0,300.0
0.02194813764112834,0.022570479717763416,0.03632014539387083,0.0,50.0,300.0
0.011539770751538116,0.010887033142097541,0.032677825070402775,0.0,51.0,300.0
0.018896751710187107,0.017929548458160655,0.032161664027349754,0.0,52.0,300.0
0.02043767647671753,0.019418494825131038,0.033384167537611954,0.0,53.0,300.0
0.023200068178792745,0.02355650560956904,0.03463315320742576,0.0,54.0,300.0
0.01699154648520756,0.017638268225094463,0.05164697970685408,0.0,55.0,300.0
0.018967560628863185,0.0195142523690935,0.04155375830429314,0.0,56.0,300.0
0.017401625023710822,0.015838189442447165,0.05150750251316038,0.0,57.0,300.0
0.025166830663432924,0.0136131564436141,0.028849073540875708,0.0,58.0,300.0
0.01834974568582667,0.019529052045336254,0.037189469712585396,0.0,59.0,300.0
0.02793937272846742,0.012391319837583842,0.03137930786880981,0.0,60.0,300.0
0.04285891254248429,0.041102612790276626,0.06513868896757892,0.0,61.0,300.0
0.01773913070851866,0.017238736673911764,0.03614194132284675,0.0,62.0,300.0
0.025114397153665886,0.02510924567398757,0.03564998611681132,0.0,63.0,300.0
0.024874039983409316,0.025594085697396875,0.044154114507248106,0.0,64.0,300.0
0.014411133693451638,0.02656255627451121,0.0382511376772261,0.0,65.0,300.0
0.019370952105817192,0.019509531530116735,0.049571175503212606,0.0,66.0,300.0
0.02026460000279716,0.02038179349219725,0.03973703828911001,0.0,67.0,300.0
0.014335108816339879,0.012813149974819043,0.03430471336584116,0.0,68.0,300.0
0.021467916968961238,0.02077933765183375,0.03418159199153624,0.0,69.0,300.0
0.021161743238330293,0.01653374019818268,0.03739919403858436,0.0,70.0,300.0
0.021356582140228286,0.021166561428921548,0.04315587595613143,0.0,71.0,300.0
0.01872035423868039,0.01921746223536688,0.03813367254244845,0.0,72.0,300.0
0.016096903561922452,0.0158861967522381,0.03374122938068478,0.0,73.0,300.0
0.014152068312878473,0.012351939671393612,0.025390199749654268,0.0,74.0,300.0
0.031452570499804225,0.04994546875771126,0.04826476175525472,0.0,75.0,300.0
0.022653772950696593,0.030342171777596037,0.038832421690216376,0.0,76.0,300.0
0.017703553517295943,0.018214413719697807,0.04236988185149819,0.0,77.0,300.0
0.013408425037443198,0.013994572130321598,0.034527681398667645,0.0,78.0,300.0
0.02383759918705028,0.02076831195187364,0.04734535442091745,0.0,79.0,300.0
0.012352912570485841,0.013384089228006945,0.033594075252827975,0.0,80.0,300.0
0.02043077093340278,0.022967210314152463,0.0427069329172626,0.0,81.0,300.0
0.026185400656754863,0.024501128535500964,0.03968065682937385,0.0,82.0,300.0
0.03955343347054856,0.01831263168097648,0.04076876841379702,0.0,83.0,300.0
0.017352889869618922,0.01744174195470511,0.031475129165998816,0.0,84.0,300.0
0.019888261267660655,0.01960977168632523,0.04336657116649658,0.0,85.0,300.0
0.021261831386343757,0.022577743044092893,0.047567411982028386,0.0,86.0,300.0
0.047049922081387155,0.03526937702418001,0.054445629769923023,0.0,87.0,300.0
0.011801468286905033,0.010644755168245515,0.027181681555955725,0.0,88.0,300.0
0.020443427646117895,0.021492933413351033,0.04699901858240949,0.0,89.0,300.0
0.020927430034657035,0.020999281438848084,0.03664650297367751,0.0,90.0,300.0
0.016544727112966878,0.014832419349272308,0.035536143792146216,0.0,91.0,300.0
0.02343536033878064,0.01999871439575381,0.039196893075415865,0.0,92.0,300.0
0.015119448277733646,0.014627894374251757,0.029264046695813388,0.0,93.0,300.0
0.028137117466292015,0.028867017261977095,0.048257253212257566,0.0,94.0,300.0
0.019851029041130855,0.017383854592748396,0.03218116842817663,0.0,95.0,300.0
0.017212676839125435,0.017191021180826764,0.039315763743446815,0.0,96.0,300.0
0.02534136888725528,0.02545942398111895,0.03803659657265553,0.0,97.0,300.0
0.02272670703094513,0.021332763682783883,0.04243144062846711,0.0,98.0,300.0
0.01810139224369015,0.019667410445403023,0.04242843376312748,0.0,99.0,300.0
0.017307029215058962,0.018186194664282857,0.04057285662465752,0.0,100.0,300.0
0.015403618946174959,0.013271119233095742,0.028327049493754006,0.1,1.0,300.0
0.01806046292585988,0.026333425038533382,0.04201345678598562,0.1,2.0,300.0
0.028409379816609837,0.02723562473218342,0.040482808474483316,0.1,3.0,300.0
0.018370999634787177,0.01948849580788599,0.03776121054995499,0.1,4.0,300.0
0.05350338763428208,0.015146402961477193,0.03712601415580003,0.1,5.0,300.0
0.02034971336559636,0.0195613649117632,0.04198089013054708,0.1,6.0,300.0
0.023079532560531673,0.022797657196929645,0.04007225106660676,0.1,7.0,300.0
0.019487583333878924,0.018913467620922105,0.03467701855727915,0.1,8.0,300.0
0.022251373280667584,0.021838050960234633,0.04359123403037749,0.1,9.0,300.0
0.013993021835950303,0.013641693873286563,0.04214621297023797,0.1,10.0,300.0
0.01844841239249478,0.017782918816992024,0.03367923439208511,0.1,11.0,300.0
0.06400105509180241,0.013887792325107203,0.03284368993578298,0.1,12.0,300.0
0.014015486534312414,0.013573786911725004,0.0304077918873974,0.1,13.0,300.0
0.018709909527878616,0.018099668728030503,0.031846476292401664,0.1,14.0,300.0
0.01436154398351219,0.012385910192091721,0.044585316685320175,0.1,15.0,300.0
0.024814644182888805,0.024342476927103694,0.047110620385145935,0.1,16.0,300.0
0.01696203892560754,0.015855260437794314,0.04088923077924891,0.1,17.0,300.0
0.01544674839424342,0.015513734992041044,0.03635037622332964,0.1,18.0,300.0
0.011582444786971059,0.012665739346071498,0.03277649926650946,0.1,19.0,300.0
0.018364228426155385,0.017186828798434195,0.03349821590339212,0.1,20.0,300.0
0.016698784377214927,0.01642823766780248,0.04653695608031828,0.1,21.0,300.0
0.024915482575386096,0.03661704104613325,0.048705578684635514,0.1,22.0,300.0
0.017830494947052043,0.01750504378630815,0.0288055715904679,0.1,23.0,300.0
0.029797007484888796,0.0300133202765919,0.044560584995438156,0.1,24.0,300.0
0.01673108355312425,0.016166276296713574,0.030106822624327477,0.1,25.0,300.0
0.017678935709569264,0.01671013374231015,0.03570617160643811,0.1,26.0,300.0
0.023163597719669807,0.022602442573766122,0.04275596454241986,0.1,27.0,300.0
0.015736358880161897,0.016555366769290702,0.04247223778061735,0.1,28.0,300.0
0.03132235672144589,0.032257410105619465,0.04959542114247901,0.1,29.0,300.0
0.014487517765943482,0.013322966163365773,0.031010933800141825,0.1,30.0,300.0
0.0198670253016901,0.0174323257664079,0.03958486359452277,0.1,31.0,300.0
0.017716051972028968,0.01914974068641561,0.04149704828968662,0.1,32.0,300.0
0.020200814441707265,0.021004055605187567,0.04574156572341762,0.1,33.0,300.0
0.0219455094943672,0.020170650364333985,0.03687480120504413,0.1,34.0,300.0
0.01795568624752714,0.020477887150874615,0.04491889929463326,0.1,35.0,300.0
0.02059824385372091,0.018977673116651234,0.0356976419901512,0.1,36.0,300.0
0.03565615855587611,0.030169763226691015,0.03942060734026291,0.1,37.0,300.0
0.03176670110625329,0.027199064662698672,0.026162999911091098,0.1,38.0,300.0
0.014016434853273863,0.034558377103454385,0.03071987482068764,0.1,39.0,300.0
0.030545679511718618,0.02840088681489015,0.04071577964730734,0.1,40.0,300.0
0.024197660443404236,0.022179130906453716,0.03909047401123198,0.1,41.0,300.0
0.017563337692679135,0.01175316421151061,0.04324527310635708,0.1,42.0,300.0
0.02098541628957923,0.03619976646355903,0.03527526587439212,0.1,43.0,300.0
0.015012360462800075,0.012748968342268387,0.02616769595480172,0.1,44.0,300.0
0.012277883053034042,0.01134532287760308,0.030703330503815796,0.1,45.0,300.0
0.021654488961027063,0.022128214837754633,0.04463526661055735,0.1,46.0,300.0
0.012229877924916524,0.014257137877578053,0.032940126428619716,0.1,47.0,300.0
0.021350479703891586,0.0223612937272107,0.03529813053139889,0.1,48.0,300.0
0.020654356497650246,0.019631243787597046,0.04438781216310965,0.1,49.0,300.0
0.01460083022655342,0.013912331798113074,0.027471607001814502,0.1,50.0,300.0
0.01563100878246626,0.013197367347013357,0.025533922552045927,0.1,51.0,300.0
0.015713854993139074,0.016716816831349138,0.04161367448533664,0.1,52.0,300.0
0.01874527633597541,0.02029950458245611,0.03386845420384484,0.1,53.0,300.0
0.03620632490209649,0.014634132415963124,0.029661671200513877,0.1,54.0,300.0
0.01368675541431718,0.012457431302327616,0.030341301442287718,0.1,55.0,300.0
0.02059007983032688,0.019292555745549,0.040958532542476965,0.1,56.0,300.0
0.01490550033502478,0.03740934745392148,0.03346565843914024,0.1,57.0,300.0
0.03377426897314919,0.03398586388565619,0.05422394387290918,0.1,58.0,300.0
0.017694758646468616,0.015248487358878704,0.03892789640471085,0.1,59.0,300.0
0.017707224165044107,0.034760399164885325,0.032490832369830185,0.1,60.0,300.0
0.016250500913921245,0.029113864130646382,0.03119137010286887,0.1,61.0,300.0
0.015955517484474362,0.03016386776805364,0.03352537229610878,0.1,62.0,300.0
0.017797468463537202,0.016710396685610016,0.032654073788873264,0.1,63.0,300.0
0.01968847447403037,0.019120912662414336,0.042866559194745406,0.1,64.0,300.0
0.026978097568639073,0.013236691284775195,0.03330717803722555,0.1,65.0,300.0
0.017357859303273784,0.016287185762930093,0.032479360740952486,0.1,66.0,300.0
0.01376028982185025,0.012724813514772922,0.04460188451439103,0.1,67.0,300.0
0.024381197381761293,0.021141370507734018,0.0400383215564477,0.1,68.0,300.0
0.01832044060415731,0.018075143796923477,0.02926873599860793,0.1,69.0,300.0
0.026916037563564567,0.04107555270911589,0.04408439874085758,0.1,70.0,300.0
0.01420120552377473,0.012530070876769972,0.03791924944871841,0.1,71.0,300.0
0.020130452408311683,0.020901531416209672,0.04232969729291016,0.1,72.0,300.0
0.057861303428631654,0.02820459908540081,0.04403385354865863,0.1,73.0,300.0
0.019563394537196792,0.018147751711144848,0.035426840390131165,0.1,74.0,300.0
0.04405896045811632,0.03346534804050686,0.04976123875065829,0.1,75.0,300.0
0.017589105394253568,0.01801895308256229,0.03118185865786229,0.1,76.0,300.0
0.01963665559868899,0.01747326065135659,0.044113560448253424,0.1,77.0,300.0
0.015068102375958037,0.01571352863061129,0.02602478785156833,0.1,78.0,300.0
0.020140257052609,0.0422900311843398,0.04288415021781823,0.1,79.0,300.0
0.02650658891758852,0.03975831488741168,0.04527307545824351,0.1,80.0,300.0
0.03535437399889369,0.035661439788015406,0.06116459287549796,0.1,81.0,300.0
0.010360277653786098,0.011445242342787728,0.024107379176263145,0.1,82.0,300.0
0.015320407208473386,0.014629716129699342,0.02871069355244089,0.1,83.0,300.0
0.01750487658579149,0.018670676766850965,0.033971710689248424,0.1,84.0,300.0
0.019186442136625004,0.018519783063118047,0.0447658162699632,0.1,85.0,300.0
0.019952100226122888,0.019417910033995067,0.044026562341106724,0.1,86.0,300.0
0.02691451767951055,0.025370772202733295,0.04802208005938956,0.1,87.0,300.0
0.028585951060022256,0.028440941746306122,0.05083071275053642,0.1,88.0,300.0
0.024131866599737015,0.023631974475269272,0.04012923496393838,0.1,89.0,300.0
0.03563537798214626,0.038439009627812375,0.05456968248865578,0.1,90.0,300.0
0.01478240376126323,0.014492109995436344,0.030741656627247014,0.1,91.0,300.0
0.012031375292633078,0.011769356720235125,0.03242570524814011,0.1,92.0,300.0
0.02342280366280449,0.02214414357733745,0.03721138858630715,0.1,93.0,300.0
0.02921672572840957,0.028581576184379467,0.04112435960854865,0.1,94.0,300.0
0.013336542477011952,0.012509414996479805,0.02564999690438794,0.1,95.0,300.0
0.012749010134488835,0.013551288323231226,0.03536088479001227,0.1,96.0,300.0
0.0216654411734125,0.03140698159373742,0.0318066354858019,0.1,97.0,300.0
0.019284954780907484,0.02155078807494969,0.04054673290387458,0.1,98.0,300.0
0.02254106719847893,0.021823654717408773,0.03247332356750685,0.1,99.0,300.0
0.012854813616273282,0.012187963014122583,0.023234481766498512,0.1,100.0,300.0
0.027374009580866485,0.024143041791465897,0.037763221484503715,0.2,1.0,300.0
0.01615296022663674,0.0177204758944454,0.03397677982863419,0.2,2.0,300.0
0.0136517157717838,0.017172399668343375,0.0321687110533706,0.2,3.0,300.0
0.018831306241427682,0.01660163360201856,0.04215876450379295,0.2,4.0,300.0
0.011131254106901533,0.026536519904007315,0.029988832141135773,0.2,5.0,300.0
0.02356992061817935,0.022939309822600618,0.04584245649825612,0.2,6.0,300.0
0.02167786512740324,0.024296138135079103,0.04011553905728152,0.2,7.0,300.0
0.020629058327999997,0.020531692893981733,0.0347689872895235,0.2,8.0,300.0
0.01316499806455898,0.013400173239753703,0.028168031462262794,0.2,9.0,300.0
0.017785466084208577,0.017021859128845254,0.03411206360679078,0.2,10.0,300.0
0.021859672070310456,0.01979813076688767,0.03680773855100607,0.2,11.0,300.0
0.01599518447342534,0.016773015087160028,0.03150046538680072,0.2,12.0,300.0
0.02246629970337424,0.021233884604460664,0.036361102202004676,0.2,13.0,300.0
0.047978069432644585,0.055185422756892935,0.05327200597787241,0.2,14.0,300.0
0.016091971028941773,0.012667759502117371,0.0341482577749831,0.2,15.0,300.0
0.014599665915411748,0.014064698326992621,0.031004206198483902,0.2,16.0,300.0
0.02286316963384821,0.02546989988495079,0.038428114265548596,0.2,17.0,300.0
0.020358152326516974,0.016963344184208803,0.0385914232726017,0.2,18.0,300.0
0.01544206263201498,0.014054347726500818,0.046547713552086235,0.2,19.0,300.0
0.029270070201915525,0.029009886536527377,0.05483332960877076,0.2,20.0,300.0
0.01438901860979825,0.015070390049294951,0.030462113026293952,0.2,21.0,300.0
0.018502150232260827,0.01624366248631196,0.029605577040302575,0.2,22.0,300.0
0.029204175734977498,0.029201852552182023,0.045954257197822014,0.2,23.0,300.0
0.02750486126764455,0.024249619846631855,0.04163968211210053,0.2,24.0,300.0
0.01524806036691803,0.015814505857308196,0.02710311294377817,0.2,25.0,300.0
0.023082113341947003,0.01937111242417104,0.033588581637984435,0.2,26.0,300.0
0.025836889966996335,0.028091632026727202,0.049701373855575,0.2,27.0,300.0
0.03667353489254485,0.0301287330245807,0.05871049533831678,0.2,28.0,300.0
0.020727835912364045,0.022665545033948242,0.04306390996536897,0.2,29.0,300.0
0.011558923293076034,0.009600721286723637,0.02968334350813498,0.2,30.0,300.0
0.055827762789521965,0.01186753989067749,0.033316514054418385,0.2,31.0,300.0
0.026409283815454872,0.028068386528914944,0.0457750124569483,0.2,32.0,300.0
0.02620600965839029,0.02504280497606843,0.041752635036074806,0.2,33.0,300.0
0.014433834540535713,0.014499151827186156,0.04106572428361342,0.2,34.0,300.0
0.018659603110693326,0.04029523538305132,0.03732545789571133,0.2,35.0,300.0
0.02450265189991183,0.023939668539428683,0.037387717185063424,0.2,36.0,300.0
0.016824476085546262,0.018514112787355888,0.0373155952020077,0.2,37.0,300.0
0.011197011040925717,0.011743984065711964,0.026106298191961856,0.2,38.0,300.0
0.019692795031504815,0.019454422695360893,0.03355929731712564,0.2,39.0,300.0
0.034564360968061945,0.022519106933800156,0.03715083208162799,0.2,40.0,300.0
0.12317722688915811,0.020788977405037604,0.035219478484881696,0.2,41.0,300.0
0.01014100248204391,0.01036284071634615,0.026063293461377892,0.2,42.0,300.0
0.017174975385722154,0.01659625204715398,0.04066162276767373,0.2,43.0,300.0
0.027984465897100692,0.028526424204300665,0.047104617580446206,0.2,44.0,300.0
0.021842779650270906,0.01934226241077477,0.04198084204499751,0.2,45.0,300.0
0.01540998371553721,0.014048998278340682,0.05168369211402472,0.2,46.0,300.0
0.015599247536615261,0.01506790136882695,0.029411838309691258,0.2,47.0,300.0
0.02712272951116225,0.028401980648203526,0.054749314470998525,0.2,48.0,300.0
0.01657541319149184,0.016558271169716726,0.036694495898704556,0.2,49.0,300.0
0.030333375772314552,0.02970650159175033,0.04862548878503328,0.2,50.0,300.0
0.023624408806495318,0.022053287213671828,0.0348610509480719,0.2,51.0,300.0
0.011151404418378922,0.010597222539515193,0.029967079408641725,0.2,52.0,300.0
0.043124791911299455,0.030647406092532928,0.048914526529800585,0.2,53.0,300.0
0.017132918962542504,0.018582441025462727,0.04566247060728358,0.2,54.0,300.0
0.018402410339334208,0.016817673561988346,0.03859717235959861,0.2,55.0,300.0
0.021588238410777096,0.03429464716428084,0.03841897881243761,0.2,56.0,300.0
0.016756130905818754,0.01434404293903763,0.03160749242781494,0.2,57.0,300.0
0.013948746016764666,0.014224895066749193,0.025037000710791193,0.2,58.0,300.0
0.02359907438203931,0.030070123381176598,0.05184808274057698,0.2,59.0,300.0
0.017907232220902288,0.01839797648222542,0.03290969205756796,0.2,60.0,300.0
0.011625912955377004,0.01219606572163169,0.036096880542531316,0.2,61.0,300.0
0.018098915254138537,0.015958238721297587,0.03353846610620778,0.2,62.0,300.0
0.027007195930037184,0.026991479508232722,0.043821105453045565,0.2,63.0,300.0
0.011598212257101781,0.011495155989038344,0.028758639323252174,0.2,64.0,300.0
0.025691446879002117,0.02142437102772784,0.034822688106653864,0.2,65.0,300.0
0.025709113720537597,0.025440890636748356,0.046381572908256646,0.2,66.0,300.0
0.012559486033034214,0.011503755719635314,0.02390123649538774,0.2,67.0,300.0
0.014005369838014613,0.014942370366535994,0.03820749589650944,0.2,68.0,300.0
0.028494488636756472,0.01978429028695182,0.03178398608550795,0.2,69.0,300.0
0.01648300935579702,0.03426142584923614,0.031652657711964155,0.2,70.0,300.0
0.01940324793013354,0.018134324492991936,0.0365410642672656,0.2,71.0,300.0
0.023140461723236718,0.020210556075386406,0.037109129480747495,0.2,72.0,300.0
0.02187927173367027,0.01781021183148833,0.037883037545532176,0.2,73.0,300.0
0.01935579421558735,0.019449053191030314,0.04075388154022866,0.2,74.0,300.0
0.014216001025057535,0.013602665380246464,0.027050967023896835,0.2,75.0,300.0
0.027373036542840814,0.026280157322372367,0.041779543214292156,0.2,76.0,300.0
0.014793775734864553,0.013776025472675616,0.028724380158310168,0.2,77.0,300.0
0.023901126526977897,0.019417080923770754,0.03468695592300135,0.2,78.0,300.0
0.02047411004367576,0.019349074089018696,0.037743450940515295,0.2,79.0,300.0
0.03450107818124955,0.02070980432754622,0.032445478358481106,0.2,80.0,300.0
0.04341786227363421,0.018331617545810915,0.041400823529911215,0.2,81.0,300.0
0.018985670988047182,0.016188795229529093,0.03795500731972251,0.2,82.0,300.0
0.017332349776563068,0.01780354367922717,0.039217494290731354,0.2,83.0,300.0
0.025847508747104824,0.0237258194634207,0.041714657531959444,0.2,84.0,300.0
0.02623015749451518,0.05248028980797157,0.05057633366333901,0.2,85.0,300.0
0.017349455049011243,0.015219269745262894,0.037755400492009046,0.2,86.0,300.0
0.009097544917479506,0.017461003175086882,0.01987562180757791,0.2,87.0,300.0
0.022660280769344298,0.016822099885336082,0.03458751991146686,0.2,88.0,300.0
0.023359919389841513,0.024888834191625516,0.05586596985089967,0.2,89.0,300.0
0.02079944427825894,0.019722535548223598,0.03191406043338228,0.2,90.0,300.0
0.017214159591057702,0.016971848544790835,0.05922516107239638,0.2,91.0,300.0
0.025553616591006283,0.04172809094513859,0.0431313316603951,0.2,92.0,300.0
0.024766993858993357,0.026297886866788623,0.0548902432868911,0.2,93.0,300.0
0.02483787976166126,0.04481621547311209,0.04846119461783668,0.2,94.0,300.0
0.013712587236207356,0.014551294510679437,0.026953889230280435,0.2,95.0,300.0
0.021677052493091133,0.018847209513768542,0.042312263133759305,0.2,96.0,300.0
0.015286489287266891,0.015984499643284033,0.03719332997540607,0.2,97.0,300.0
0.014603757040096654,0.012771760528406407,0.025796111246858867,0.2,98.0,300.0
0.009568341021768538,0.025106359353128025,0.025160784457885686,0.2,99.0,300.0
0.010477249917090327,0.00959463813418122,0.040127444792282696,0.2,100.0,300.0
0.023167853720760658,0.032689596574163135,0.04218826640174844,0.3,1.0,300.0
0.031564997700280366,0.034020239737672646,0.053362617046884823,0.3,2.0,300.0
0.01700049073907497,0.019115985935642066,0.041238157904052,0.3,3.0,300.0
0.013182179449744005,0.013330457165810293,0.030705598160857172,0.3,4.0,300.0
0.023756909671534314,0.02233421803416148,0.038341032225627056,0.3,5.0,300.0
0.009953917932480679,0.010194792382071619,0.027950021795130446,0.3,6.0,300.0
0.01446864961275692,0.014931059338016531,0.026771831458138218,0.3,7.0,300.0
0.023805561311635092,0.03705582652586933,0.03232256546292262,0.3,8.0,300.0
0.013680512013159719,0.011514764248440642,0.02745842195304089,0.3,9.0,300.0
0.023995921000818727,0.023662262400432107,0.04010917003205499,0.3,10.0,300.0
0.02789268518985263,0.026341335576077457,0.04328816966973876,0.3,11.0,300.0
0.023480055367476167,0.023698170394261295,0.0381683128273074,0.3,12.0,300.0
0.010206547251460155,0.010598844657639077,0.025990504784026217,0.3,13.0,300.0
0.0210730725374017,0.037073308023692735,0.03809540028934285,0.3,14.0,300.0
0.02046612277899995,0.02113039741301976,0.040026737522008825,0.3,15.0,300.0
0.016388196472366903,0.01812631088780447,0.039549625770354944,0.3,16.0,300.0
0.014052767071211851,0.013533294039385654,0.03536361869937171,0.3,17.0,300.0
0.031160532300372065,0.02975703950999099,0.04973950661423291,0.3,18.0,300.0
0.0256114655872275,0.025950324293133986,0.059555261391105466,0.3,19.0,300.0
0.009640753971576212,0.01200870211097271,0.03345898312233444,0.3,20.0,300.0
0.029670775818607678,0.03310159214696552,0.05161371317927573,0.3,21.0,300.0
0.015929964881774384,0.01573540419140301,0.029930722112023335,0.3,22.0,300.0
0.01903188224579258,0.020279075935277606,0.05117815046380763,0.3,23.0,300.0
0.026150997735460806,0.026825829268729787,0.04487324999928163,0.3,24.0,300.0
0.016780255702815782,0.015803996069057517,0.035383133646738764,0.3,25.0,300.0
0.020205604824677446,0.019344147683191346,0.036006202676321326,0.3,26.0,300.0
0.016147673884931536,0.015649553999188534,0.02948365770835461,0.3,27.0,300.0
0.017025671449730266,0.017190387266580846,0.05031357494473097,0.3,28.0,300.0
0.018141937207363186,0.017095573413670698,0.03441800428227299,0.3,29.0,300.0
0.013030980611191529,0.015740002976279314,0.029938300800822288,0.3,30.0,300.0
0.02156505126496933,0.018697105953965596,0.03332362972724255,0.3,31.0,300.0
0.018109169705190303,0.01780982238120139,0.039279209638605685,0.3,32.0,300.0
0.021295260789086744,0.04790195316346509,0.03862177899701356,0.3,33.0,300.0
0.018378487703305885,0.016867238639284243,0.03353659364561824,0.3,34.0,300.0
0.03887704913779966,0.017733805714959954,0.03157446513744077,0.3,35.0,300.0
0.0180765925011536,0.01736697055889963,0.03218379062311036,0.3,36.0,300.0
0.027649086962271436,0.027937361769364268,0.061376635751254745,0.3,37.0,300.0
0.015204442233401,0.03353120984760364,0.03325858654527495,0.3,38.0,300.0
0.014829395536518067,0.01414687144652713,0.02547673667235856,0.3,39.0,300.0
0.02169079034204074,0.03277825096412118,0.04004039645578673,0.3,40.0,300.0
0.01543225905013299,0.01549838058986491,0.029262946002546013,0.3,41.0,300.0
0.025260029509770236,0.021561919878538113,0.04419499164329994,0.3,42.0,300.0
0.03375482046493135,0.033203417883272184,0.05037786323450877,0.3,43.0,300.0
0.014422523991303374,0.013880364690633376,0.03218088822343481,0.3,44.0,300.0
0.03938572047662589,0.016564142408099884,0.03345648683506111,0.3,45.0,300.0
0.011882992007334966,0.011847717753707786,0.028609517539797603,0.3,46.0,300.0
0.04038386417269938,0.04690574104641006,0.07245393133356545,0.3,47.0,300.0
0.027610677152035412,0.024648435101657887,0.049720696770320226,0.3,48.0,300.0
0.014409134403667577,0.013727242367294046,0.03603215258610811,0.3,49.0,300.0
0.024288834104642283,0.0271820315133753,0.061102664899426735,0.3,50.0,300.0
0.012903711368816169,0.012194974381383832,0.031082446930784418,0.3,51.0,300.0
0.01711563623773776,0.017996327397497677,0.03356967056459698,0.3,52.0,300.0
0.020343285349417227,0.02084335298448766,0.038971770516634856,0.3,53.0,300.0
0.03140000822342964,0.030931370258280844,0.04960433547115935,0.3,54.0,300.0
0.017406493957549854,0.01582217308220302,0.03611365022914754,0.3,55.0,300.0
0.01850642706595097,0.018444757915002302,0.0355139245291058,0.3,56.0,300.0
0.013815032489738574,0.014546392720326488,0.03194015329116304,0.3,57.0,300.0
0.014261110714522676,0.0142991268914938,0.02763941206824534,0.3,58.0,300.0
0.011265905710906058,0.013943890263416232,0.05210904605654529,0.3,59.0,300.0
0.012936116870861356,0.014021970488474207,0.03026492027970422,0.3,60.0,300.0
0.014164832319612547,0.0219052563638919,0.0455131406721466,0.3,61.0,300.0
0.017543033953483774,0.019712328180053446,0.0417468053050313,0.3,62.0,300.0
0.025223096661465598,0.020716626024369893,0.04010928432463326,0.3,63.0,300.0
0.023958782980849278,0.027429717979652178,0.03809275867304988,0.3,64.0,300.0
0.015600319692628224,0.033043524440885236,0.03485270129400246,0.3,65.0,300.0
0.03995488384046028,0.04573112202270462,0.0407169021359128,0.3,66.0,300.0
0.014428068827167384,0.015192442550728382,0.034571588247723356,0.3,67.0,300.0
0.015635560685147442,0.01519325425478933,0.048537740061330666,0.3,68.0,300.0
0.01586193813439127,0.01751075189607918,0.043192547771932814,0.3,69.0,300.0
0.024790973724648554,0.021056649971874387,0.04423845320313191,0.3,70.0,300.0
0.01669173951738609,0.015172313721137977,0.05273544136499363,0.3,71.0,300.0
0.023390505292355302,0.023858037604442526,0.04013543046541066,0.3,72.0,300.0
0.020154974121071922,0.020997289141379927,0.03807075201887029,0.3,73.0,300.0
0.017523571936137988,0.015923410500122567,0.03267751431990006,0.3,74.0,300.0
0.025241009169683887,0.022804241780808206,0.043024821644884303,0.3,75.0,300.0
0.02275508068930912,0.019053462663727472,0.03287004163131128,0.3,76.0,300.0
0.014987919748711014,0.01637970533050725,0.04249662276468937,0.3,77.0,300.0
0.036333571898374696,0.0340403939765466,0.05526215601098153,0.3,78.0,300.0
0.03541234949972276,0.011363910780723767,0.02845664649658267,0.3,79.0,300.0
0.01886570988581404,0.02232011991091725,0.04042825377090775,0.3,80.0,300.0
0.012158063405601424,0.012172737124714861,0.028089522983499437,0.3,81.0,300.0
0.014117527517732691,0.012417247774794355,0.031025795314301125,0.3,82.0,300.0
0.010906739847341654,0.032065894635174556,0.033312245801223765,0.3,83.0,300.0
0.014392880091729558,0.014746429286975919,0.03231867585986358,0.3,84.0,300.0
0.01811884969572556,0.018920162829764813,0.03518224558365985,0.3,85.0,300.0
0.01209127279019587,0.01257074470779715,0.027662736651662124,0.3,86.0,300.0
0.012070363216471003,0.012246086257299758,0.03277192772367466,0.3,87.0,300.0
0.04560993249210095,0.025985449113848945,0.03645151113619825,0.3,88.0,300.0
0.020152449748645457,0.01863436970053701,0.037954031065746546,0.3,89.0,300.0
0.012019084221032638,0.011029129280046198,0.024676993197259082,0.3,90.0,300.0
0.014534035343688348,0.01331742038944507,0.030656735077369903,0.3,91.0,300.0
0.015410695875353165,0.015246157600723446,0.028141882480323375,0.3,92.0,300.0
0.01574004766131729,0.014856995883587331,0.03850291093405749,0.3,93.0,300.0
0.0133787077610922,0.013412681864302518,0.027406773953930326,0.3,94.0,300.0
0.020136989009329923,0.022128411983762027,0.03388359878767921,0.3,95.0,300.0
0.018540831503532765,0.014579810795788321,0.02762959378125693,0.3,96.0,300.0
0.010837388785106374,0.01073594125888509,0.03692494474050734,0.3,97.0,300.0
0.014692217205251098,0.01592588331414198,0.043074749616351805,0.3,98.0,300.0
0.020780407277134563,0.022772578607587874,0.05737460022690824,0.3,99.0,300.0
0.02261272703146214,0.021047890890356434,0.03769201795740127,0.3,100.0,300.0
0.02738124002314224,0.029973254918537494,0.04412593685831513,0.4,1.0,300.0
0.08090023562240889,0.02148373311657994,0.04133561174739744,0.4,2.0,300.0
0.02396984357988331,0.05883616024482697,0.057916456754333864,0.4,3.0,300.0
0.01569586409059104,0.013633953984647606,0.036954235049814155,0.4,4.0,300.0
0.017193768857798476,0.018019232603267744,0.03583478524598305,0.4,5.0,300.0
0.01796613590747232,0.01556606286060063,0.042679117853840084,0.4,6.0,300.0
0.029210133672295944,0.04299392502588725,0.045317354679299586,0.4,7.0,300.0
0.018949607549359378,0.014688642360220938,0.03828295165310624,0.4,8.0,300.0
0.011901234487176579,0.013846552967044127,0.052980470612410034,0.4,9.0,300.0
0.016043797433451832,0.017758829824563043,0.045014007387274436,0.4,10.0,300.0
0.016224067488022687,0.03859778954117757,0.03887004589896622,0.4,11.0,300.0
0.0899323664800512,0.0718989284337695,0.07066927306759076,0.4,12.0,300.0
0.024597511552671522,0.02161160198471642,0.03682930223527604,0.4,13.0,300.0
0.017822060314334944,0.018975804863410453,0.04505812063248715,0.4,14.0,300.0
0.015127398314443333,0.01391017049434789,0.030135681118351004,0.4,15.0,300.0
0.020036723565750415,0.020372167750839238,0.040839562568500645,0.4,16.0,300.0
0.02791212811695285,0.029022317615223673,0.07177781369917775,0.4,17.0,300.0
0.0235473914537309,0.023867727451498795,0.03501032028487157,0.4,18.0,300.0
0.031959850207440445,0.03046742417148544,0.05560319286919363,0.4,19.0,300.0
0.024120527609213977,0.024246603826231675,0.043906139018858474,0.4,20.0,300.0
0.013513564995902328,0.015484573679716647,0.04345736649693824,0.4,21.0,300.0
0.021201466302314297,0.020514361520080227,0.051563754145296056,0.4,22.0,300.0
0.013473331554710692,0.034433103429511364,0.02743938902945762,0.4,23.0,300.0
0.017447788913983082,0.019917433895442538,0.038548498506383214,0.4,24.0,300.0
0.013436164112377866,0.014383210323080507,0.04925281369368772,0.4,25.0,300.0
0.014224746528874547,0.03926630935499784,0.038655934457353956,0.4,26.0,300.0
0.03972008796222476,0.03261530614962264,0.051795081301609945,0.4,27.0,300.0
0.023777429232661615,0.01753721228789268,0.043556667984219595,0.4,28.0,300.0
0.019289773142719402,0.024166812767768418,0.04047914814676465,0.4,29.0,300.0
0.017253337251725974,0.018468069032842403,0.032021718378821146,0.4,30.0,300.0
0.019804664917590226,0.01913479310907964,0.04083482126673079,0.4,31.0,300.0
0.015024914148957243,0.01513237123348407,0.04838519448022033,0.4,32.0,300.0
0.022990839515061826,0.02789556865469947,0.04322355908260328,0.4,33.0,300.0
0.017240522470212603,0.01946480641756195,0.048455111601699886,0.4,34.0,300.0
0.03710648269609023,0.02085040727502175,0.038655883520548245,0.4,35.0,300.0
0.01979365306583923,0.019963104799257364,0.09723797227014565,0.4,36.0,300.0
0.041135715427406475,0.043335410225411514,0.0652772048235704,0.4,37.0,300.0
0.035830107442427005,0.02824628200328174,0.053214957557639025,0.4,38.0,300.0
0.022289149004138968,0.04013284259557108,0.05291300490502599,0.4,39.0,300.0
0.025173390297789654,0.02198718775877808,0.044777511808613155,0.4,40.0,300.0
0.01782568013399622,0.0376485006434935,0.03722092533681932,0.4,41.0,300.0
0.018284848845728393,0.017064498242774968,0.034100755632082466,0.4,42.0,300.0
0.014799760856274423,0.029931652052272936,0.041748755066071855,0.4,43.0,300.0
0.015668362040273068,0.016165266169692407,0.029115816895217063,0.4,44.0,300.0
0.02668706237623187,0.028172252209801234,0.06033509632065723,0.4,45.0,300.0
0.02461275599101967,0.023270365960751768,0.04355338775521536,0.4,46.0,300.0
0.03509837978132971,0.015112215732992955,0.03137334583588466,0.4,47.0,300.0
0.012466586095039199,0.01336511763743153,0.03534070664743276,0.4,48.0,300.0
0.05113744629708214,0.05519717662125483,0.06998144526444619,0.4,49.0,300.0
0.03360030398496292,0.03377444857118039,0.07219060729360235,0.4,50.0,300.0
0.01473287654011472,0.014256192209631282,0.03887627883380346,0.4,51.0,300.0
0.018875213417262362,0.02314285432424691,0.042288012687486484,0.4,52.0,300.0
0.05342434110027015,0.06129717665799586,0.08653031779895455,0.4,53.0,300.0
0.015451125668600086,0.016912314392057832,0.03569929955153232,0.4,54.0,300.0
0.047782759283757824,0.045596255246207876,0.06194477349607873,0.4,55.0,300.0
0.01271143210149899,0.013481167703860313,0.03574517405061024,0.4,56.0,300.0
0.02988776274930216,0.05032626095329419,0.06296024288065019,0.4,57.0,300.0
0.011593926684357998,0.01168820596703925,0.036750358821813454,0.4,58.0,300.0
0.034446483558212886,0.03975281206713372,0.052744241744712345,0.4,59.0,300.0
0.024146233643945185,0.04327582555638139,0.04581684992671479,0.4,60.0,300.0
0.016979444950553785,0.018179251031297586,0.02990530255049501,0.4,61.0,300.0
0.013003901167504066,0.013102142589436124,0.025277682232284597,0.4,62.0,300.0
0.026386399487380585,0.027398855489274624,0.042329436597143895,0.4,63.0,300.0
0.019495794561478413,0.019108748218109713,0.04061718068874266,0.4,64.0,300.0
0.014362693992663583,0.020541735329717332,0.03803489132370612,0.4,65.0,300.0
0.023244384826573296,0.02395679076323704,0.03955454291737294,0.4,66.0,300.0
0.02537341772270979,0.025123053295352738,0.04335358596408419,0.4,67.0,300.0
0.010002917597501843,0.01004501211929111,0.021655949932111684,0.4,68.0,300.0
0.014917281001495206,0.015818569346302658,0.035927527417569056,0.4,69.0,300.0
0.01473203586245872,0.017510553861128136,0.030784728241288115,0.4,70.0,300.0
0.018472833483082627,0.03412682314787827,0.04368198359108939,0.4,71.0,300.0
0.017793824355190876,0.01590217886963171,0.03873568237484584,0.4,72.0,300.0
0.013881533935854003,0.014628099981024689,0.04422962952273989,0.4,73.0,300.0
0.014470344819631708,0.028017429802005056,0.03277409007503571,0.4,74.0,300.0
0.014619021574791441,0.01411423589383628,0.03634647731902142,0.4,75.0,300.0
0.02164187035627623,0.026794458280570276,0.04812473971215207,0.4,76.0,300.0
0.015480871715582255,0.013296526145502103,0.03558273095774285,0.4,77.0,300.0
0.015248528317010185,0.025290305248412786,0.03518327450907674,0.4,78.0,300.0
0.0448277574302311,0.012664502408724378,0.05732627583108155,0.4,79.0,300.0
0.06273854671244292,0.04340731623627663,0.04808067564959148,0.4,80.0,300.0
0.016098801939583768,0.016364567700181083,0.03618399085418359,0.4,81.0,300.0
0.015524220703137371,0.015055355366519509,0.03491592670511919,0.4,82.0,300.0
0.036054642273368166,0.019615573270842592,0.049376600459172415,0.4,83.0,300.0
0.017916489516464032,0.018138213362841427,0.04407128963732564,0.4,84.0,300.0
0.02322563405970595,0.02587656294507851,0.0375641009513774,0.4,85.0,300.0
0.018985940995026925,0.02260304371031515,0.038473698509439165,0.4,86.0,300.0
0.01609621170521405,0.015940235207875818,0.028708348057294324,0.4,87.0,300.0
0.02615194147565115,0.0296270003775149,0.07086746543755786,0.4,88.0,300.0
0.02035991754079625,0.016972840490646006,0.03938980856124978,0.4,89.0,300.0
0.016869797139506704,0.021514732718692458,0.04218173002442087,0.4,90.0,300.0
0.02520042578717614,0.023149898263457633,0.04260782642981673,0.4,91.0,300.0
0.024567007013954294,0.024225544046666717,0.04571698843150315,0.4,92.0,300.0
0.01623303422690525,0.014390775971693507,0.030033520926628882,0.4,93.0,300.0
0.011799282912512686,0.01284544865455248,0.030186372891988302,0.4,94.0,300.0
0.01762347662053891,0.04673054852313687,0.04584086843258515,0.4,95.0,300.0
0.019359108712538698,0.02467183130795728,0.03238049386548186,0.4,96.0,300.0
0.015728014750944493,0.011973526438776473,0.03487092028482448,0.4,97.0,300.0
0.015888656653217932,0.035034126780702946,0.04126811475686571,0.4,98.0,300.0
0.020831099818634513,0.02073391601175831,0.04469167866154405,0.4,99.0,300.0
0.03005909456041181,0.033992126623325444,0.0412892403607364,0.4,100.0,300.0
0.017882654693099687,0.021125938153746346,0.03546379726258742,0.5,1.0,300.0
0.012383968250138593,0.031733028465927536,0.03043009257754646,0.5,2.0,300.0
0.016016243892476405,0.013873920502899808,0.03751777975300818,0.5,3.0,300.0
0.010814669988202122,0.010817073368385484,0.02475475690414348,0.5,4.0,300.0
0.032210238603966386,0.02390905053427931,0.04876455509094684,0.5,5.0,300.0
0.01221380678912025,0.012075324443662966,0.034875176795694976,0.5,6.0,300.0
0.02395581873438856,0.01759752077338337,0.04064474103979291,0.5,7.0,300.0
0.03335853027269184,0.0363138191362822,0.056792238814119884,0.5,8.0,300.0
0.015333773608424353,0.017423088132786375,0.033521562558090155,0.5,9.0,300.0
0.017769638325527807,0.0191582352374315,0.03733264323998199,0.5,10.0,300.0
0.026053486863746735,0.024887926460213688,0.057930469343880485,0.5,11.0,300.0
0.023905412245945168,0.03358856538459131,0.0340056385673133,0.5,12.0,300.0
0.04139866308507072,0.032506758760855105,0.05699188758684585,0.5,13.0,300.0
0.013462123501720377,0.0130830483152795,0.030201964186932367,0.5,14.0,300.0
0.021376274875259015,0.023829879119876343,0.04447671357851199,0.5,15.0,300.0
0.05015344045982715,0.05154006537587231,0.06462641350801016,0.5,16.0,300.0
0.038505845396389765,0.038947237986012705,0.06112228266175679,0.5,17.0,300.0
0.0299747104176006,0.0370125816774002,0.05449527644036619,0.5,18.0,300.0
0.05127119897041401,0.027241758865053492,0.04893260278724558,0.5,19.0,300.0
0.02208039965231384,0.021796429778838253,0.04388054145095893,0.5,20.0,300.0
0.02059984816645325,0.05892281771559889,0.055469191283800824,0.5,21.0,300.0
0.030179846201411738,0.027102886571687038,0.04137019002001198,0.5,22.0,300.0
0.015381464500800775,0.01590811129393555,0.032954780617667614,0.5,23.0,300.0
0.015891700014562197,0.01772735613323872,0.0317368609238561,0.5,24.0,300.0
0.045944100445019634,0.06572178995605511,0.06693926589391822,0.5,25.0,300.0
0.014391813912367438,0.033198443677187085,0.03973805322727999,0.5,26.0,300.0
0.021774759654757506,0.02658506093238797,0.04637090816642058,0.5,27.0,300.0
0.018408347740756958,0.01794316157047989,0.048914005889697965,0.5,28.0,300.0
0.014189949638372773,0.015110046864792063,0.044777001021022014,0.5,29.0,300.0
0.01387172950433299,0.01035068371708922,0.05273249187679094,0.5,30.0,300.0
0.014439989974541097,0.05614712548939595,0.0593220901607913,0.5,31.0,300.0
0.02070829650381931,0.018434067918012526,0.03157190076139059,0.5,32.0,300.0
0.01919894443067221,0.01951232262802168,0.04564971691862693,0.5,33.0,300.0
0.01664583811402793,0.021019275458644914,0.03682752268434462,0.5,34.0,300.0
0.04299051274534258,0.03774229504817329,0.05035722060536313,0.5,35.0,300.0
0.0126800291080084,0.011352209208687587,0.027692912558381036,0.5,36.0,300.0
0.035451400481448944,0.030836400177981955,0.09414237339438085,0.5,37.0,300.0
0.03687510961097644,0.04047737842465697,0.06491188278097068,0.5,38.0,300.0
0.05308164297292591,0.019552043470484497,0.06039036884077246,0.5,39.0,300.0
0.01914192247446126,0.019781633404361246,0.04346321402694083,0.5,40.0,300.0
0.0184555576867492,0.017351692698798424,0.03472561258720943,0.5,41.0,300.0
0.025872483116195544,0.02984217365014581,0.045067495919535454,0.5,42.0,300.0
0.018641357526552233,0.019339366871491105,0.036730875533899324,0.5,43.0,300.0
0.013273819831004932,0.013044957107956638,0.028818472065826686,0.5,44.0,300.0
0.0508411302201523,0.014988741632728403,0.033141028846162865,0.5,45.0,300.0
0.019667485344915685,0.036977043127507804,0.039437961209656945,0.5,46.0,300.0
0.016934885727369033,0.018002253346243693,0.041813716755125206,0.5,47.0,300.0
0.0199549561095536,0.01987190870080117,0.03296244834235947,0.5,48.0,300.0
0.025687903019428776,0.025430751300701316,0.04453152000495313,0.5,49.0,300.0
0.01583681854477581,0.03172349496346143,0.03813513838297154,0.5,50.0,300.0
0.017799424624717692,0.024887024326856102,0.04328709667799369,0.5,51.0,300.0
0.01933883649117456,0.025637502551145965,0.07068851000075489,0.5,52.0,300.0
0.012873252384705403,0.015235899851932865,0.03098237058850633,0.5,53.0,300.0
0.03063248979922006,0.02930652511615912,0.05402007539850759,0.5,54.0,300.0
0.026017158961553998,0.031075867167877108,0.05357981567482825,0.5,55.0,300.0
0.03797014893626785,0.051648951583251175,0.05931003358442855,0.5,56.0,300.0
0.020091255067616134,0.023957465632587372,0.061523452249855254,0.5,57.0,300.0
0.013430871094280466,0.015532511989236162,0.03785696827711151,0.5,58.0,300.0
0.030160322813870405,0.02927650642741952,0.04334050975474988,0.5,59.0,300.0
0.015864655644428672,0.018700274275083813,0.03372566312202226,0.5,60.0,300.0
0.01767975398121723,0.01668922838508002,0.03951593242514612,0.5,61.0,300.0
0.014875087264383918,0.015136304228832706,0.0346447929806517,0.5,62.0,300.0
0.014400472328291787,0.012888246221038992,0.036281857607801137,0.5,63.0,300.0
0.018563827170736416,0.03557649150006826,0.03290542253989079,0.5,64.0,300.0
0.04011482514387671,0.04167645376182494,0.06013651225972228,0.5,65.0,300.0
0.021209693927570404,0.022662578638329742,0.04947331189882713,0.5,66.0,300.0
0.019446739520680146,0.017777381571694627,0.03908999177049641,0.5,67.0,300.0
0.04191601667637249,0.0296219413591249,0.04786294592540236,0.5,68.0,300.0
0.042288779238084453,0.05097886704767589,0.06800620734138133,0.5,69.0,300.0
0.027824829967877725,0.02853248660901479,0.047945697660850606,0.5,70.0,300.0
0.019552234046332932,0.020031605391779925,0.040127164671019705,0.5,71.0,300.0
0.018594167684875925,0.01815326550249274,0.04426300662340381,0.5,72.0,300.0
0.019956757744010085,0.019918990298418284,0.03852954510157863,0.5,73.0,300.0
0.01641164834778052,0.048195604373894696,0.0378922047610017,0.5,74.0,300.0
0.013333553625916388,0.0170609682255164,0.03482499594066024,0.5,75.0,300.0
0.027256895647365824,0.03182449614102994,0.05976966909743711,0.5,76.0,300.0
0.015964730572349532,0.01397323110091379,0.030574982769113884,0.5,77.0,300.0
0.016029339925484918,0.028042824907471224,0.033875818664578,0.5,78.0,300.0
0.019169707477880393,0.021599530104076285,0.032556027918779214,0.5,79.0,300.0
0.026116665988658996,0.02923875142131603,0.06724716421346408,0.5,80.0,300.0
0.022419340987222182,0.021842427724494975,0.04661877852849615,0.5,81.0,300.0
0.029939668097691743,0.03488043638419764,0.05173193976989322,0.5,82.0,300.0
0.039734373637828425,0.041586097849408345,0.06300823961096991,0.5,83.0,300.0
0.022967866409073643,0.027490132287147254,0.05685228406923268,0.5,84.0,300.0
0.030380309208024214,0.04017622542085556,0.05483587945093191,0.5,85.0,300.0
0.02479083356032118,0.02749341450852282,0.04582237838447957,0.5,86.0,300.0
0.07010965915629969,0.06386628979863791,0.08713927416861696,0.5,87.0,300.0
0.022913686431354177,0.016902191102424715,0.059050636319527304,0.5,88.0,300.0
0.017349090477102768,0.016423361389413683,0.034728979394427345,0.5,89.0,300.0
0.024068313255255328,0.01943399655893871,0.035445816097947114,0.5,90.0,300.0
0.017936699933770374,0.018358231248975666,0.04361984160356768,0.5,91.0,300.0
0.018745066730078357,0.015739054125515444,0.03347296224070653,0.5,92.0,300.0
0.01787454292115034,0.019756064177973407,0.043189222377370017,0.5,93.0,300.0
0.01814361276117084,0.021391898700173877,0.04453677071235975,0.5,94.0,300.0
0.02422766738231268,0.025358986495171307,0.046868935018797575,0.5,95.0,300.0
0.018678330574633212,0.021484462608120723,0.036496517165350004,0.5,96.0,300.0
0.015821650970561672,0.03905332169665054,0.040608205614202544,0.5,97.0,300.0
0.039124829157764995,0.03107710440800384,0.06628223233450918,0.5,98.0,300.0
0.02109680207123298,0.019582912910649276,0.05843698775830296,0.5,99.0,300.0
0.02392705417901101,0.024325957502288026,0.03997982494950752,0.5,100.0,300.0
0.015269504071491266,0.01774002033176306,0.05842178375368273,0.6,1.0,300.0
0.026164356773955327,0.02440814676833945,0.05191258546617056,0.6,2.0,300.0
0.023503300612868275,0.02261670978765558,0.04643232700790083,0.6,3.0,300.0
0.022963131161248342,0.019410493410240877,0.05243860524525751,0.6,4.0,300.0
0.02068738764867551,0.04399838424930107,0.04096535923311516,0.6,5.0,300.0
0.020171693535085633,0.02323707009268554,0.052987643740066405,0.6,6.0,300.0
0.01999388639777706,0.019917743899394966,0.0432866874806712,0.6,7.0,300.0
0.042142072376481425,0.05773865192826506,0.09035046515958685,0.6,8.0,300.0
0.014582880078230763,0.012093059519498047,0.03430019041504181,0.6,9.0,300.0
0.03327099765161294,0.03337364773786291,0.06634550272139238,0.6,10.0,300.0
0.0280893010199359,0.03628120336175771,0.08677500538646464,0.6,11.0,300.0
0.02849609901347664,0.028029075835477098,0.05090481424296962,0.6,12.0,300.0
0.0383843234785742,0.044479690586178566,0.07547548573109514,0.6,13.0,300.0
0.027676350926221213,0.018482955395800645,0.03463487115044578,0.6,14.0,300.0
0.03860616807718906,0.04229304766341473,0.06204074685789452,0.6,15.0,300.0
0.0469597830543432,0.05200460459606234,0.10694966990651107,0.6,16.0,300.0
0.021805939569316937,0.028732768406576237,0.038793606728648795,0.6,17.0,300.0
0.025352280723449784,0.043996175701643735,0.03770676879278124,0.6,18.0,300.0
0.035383940795926265,0.04144911861763185,0.06916214741405315,0.6,19.0,300.0
0.02514691528960799,0.020287650838930395,0.05815463735642529,0.6,20.0,300.0
0.014693114461225941,0.014971747616472424,0.03585259545362446,0.6,21.0,300.0
0.03201395581365868,0.027376680925812174,0.04849461462455887,0.6,22.0,300.0
0.017310962261327636,0.023665860822306393,0.051458774958075534,0.6,23.0,300.0
0.017993008165073963,0.02081806454145162,0.03611194773122905,0.6,24.0,300.0
0.027955075221696213,0.03245770691755925,0.04806759887692098,0.6,25.0,300.0
0.027137895850983078,0.031169785600303895,0.05026748041639908,0.6,26.0,300.0
0.04478504097231616,0.048136188579118194,0.06239087590011682,0.6,27.0,300.0
0.024010619423313395,0.030723690125161334,0.04590896973844165,0.6,28.0,300.0
0.03317668154546385,0.023536158441820026,0.03854692204943987,0.6,29.0,300.0
0.02914259793882013,0.02984592793629772,0.048630518287213105,0.6,30.0,300.0
0.015144153640186132,0.013731312733916631,0.03201950655882699,0.6,31.0,300.0
0.030277581407901395,0.026893931672850046,0.052938747169983015,0.6,32.0,300.0
0.026339633893973726,0.028225447406885373,0.058489206840088286,0.6,33.0,300.0
0.023961085845918554,0.014565978705579406,0.034536018810404766,0.6,34.0,300.0
0.021122282267873507,0.02244573740581801,0.04344156443056764,0.6,35.0,300.0
0.016255878644004153,0.016757576415692737,0.0673343963294769,0.6,36.0,300.0
0.02540347854116525,0.052151275649559854,0.048181135119551875,0.6,37.0,300.0
0.022823607499463446,0.018860701782756808,0.04106951633606512,0.6,38.0,300.0
0.046004906239120125,0.05769961279320692,0.06424915273432932,0.6,39.0,300.0
0.01820696765334473,0.02006192664398025,0.03833782785305803,0.6,40.0,300.0
0.031283807333538846,0.033231268483064846,0.0529207397270865,0.6,41.0,300.0
0.02199713679274827,0.021487081521085027,0.05338297555276483,0.6,42.0,300.0
0.015049889840217451,0.024621459560841483,0.05360018376471472,0.6,43.0,300.0
0.04634436046711441,0.043628703435043874,0.07611804486766421,0.6,44.0,300.0
0.018696834298438315,0.01955136357770383,0.04439701659570757,0.6,45.0,300.0
0.01789091917344455,0.019772781711342828,0.05269332321932065,0.6,46.0,300.0
0.01750811350324075,0.0192761079303492,0.043609542721915896,0.6,47.0,300.0
0.02134652143843576,0.026556220236039537,0.046865640859686794,0.6,48.0,300.0
0.0320539351755741,0.043240567461550646,0.06804897093038245,0.6,49.0,300.0
0.020922970607334706,0.024111096140540484,0.041329517828996264,0.6,50.0,300.0
0.023164324161526684,0.026208446253754163,0.053717955462527174,0.6,51.0,300.0
0.04295947920249657,0.03782839056054675,0.05654357523176937,0.6,52.0,300.0
0.04312359571257118,0.03706544804719999,0.06001702030823366,0.6,53.0,300.0
0.016325119666739978,0.015453002465243297,0.03763883025572647,0.6,54.0,300.0
0.08313789854378201,0.07762785877531352,0.08616612809751542,0.6,55.0,300.0
0.07007626617463522,0.06914241568858244,0.0916844703155703,0.6,56.0,300.0
0.0334905367701939,0.03346961433430879,0.05041832664153276,0.6,57.0,300.0
0.02919530901385658,0.027253481641277475,0.06826975261632101,0.6,58.0,300.0
0.04323688734673829,0.03481358482732886,0.0483840482613891,0.6,59.0,300.0
0.03474288900768542,0.05186403660932522,0.05838462029922496,0.6,60.0,300.0
0.021214727845062186,0.026231683406669412,0.03123658076230279,0.6,61.0,300.0
0.028032111117609032,0.030728804265055285,0.05229375108014703,0.6,62.0,300.0
0.034619037234020454,0.031290582672975256,0.05841632950735993,0.6,63.0,300.0
0.06338938551927631,0.02139710162684263,0.05300143511559434,0.6,64.0,300.0
0.01419954263856793,0.0438143542106933,0.028850666803576414,0.6,65.0,300.0
0.03893526592417854,0.01842768716889072,0.0306438074027459,0.6,66.0,300.0
0.03315956345945658,0.03917347215037583,0.06071380666137491,0.6,67.0,300.0
0.0321345151212946,0.033801412729953205,0.04763969587682864,0.6,68.0,300.0
0.027875101703273068,0.051756430208606125,0.05039367217834235,0.6,69.0,300.0
0.029985186327922814,0.0296090323727111,0.05544762790181596,0.6,70.0,300.0
0.026958259885646475,0.033533800369625756,0.06951463342851405,0.6,71.0,300.0
0.01224634300045629,0.014020000461968475,0.03905866191417088,0.6,72.0,300.0
0.024670287919303244,0.027296429312361682,0.057865551111099346,0.6,73.0,300.0
0.04458706620948228,0.060253849146976644,0.06593150304809486,0.6,74.0,300.0
0.023523258315724653,0.029247235975417236,0.07177473673214547,0.6,75.0,300.0
0.029902796144223285,0.03462620906153654,0.06635495903865991,0.6,76.0,300.0
0.031749855202382625,0.03862295080486634,0.0595430701014573,0.6,77.0,300.0
0.019424134981762695,0.027359567305167084,0.05179904414426188,0.6,78.0,300.0
0.01914978766952701,0.017316578640612205,0.03479549514308298,0.6,79.0,300.0
0.031221123997268892,0.031709506920402836,0.05271713518028029,0.6,80.0,300.0
0.03468486604758027,0.06341640021258778,0.06156250532962259,0.6,81.0,300.0
0.019688131515597805,0.05664269229699415,0.048478462303027714,0.6,82.0,300.0
0.019342153621639976,0.022831375253784307,0.03468473713518385,0.6,83.0,300.0
0.017918991510497334,0.02485596463520111,0.04741003684874544,0.6,84.0,300.0
0.017615790298071178,0.017136555704040487,0.030711560763341007,0.6,85.0,300.0
0.03669226605635376,0.03252930758300483,0.056985857823233836,0.6,86.0,300.0
0.0635185299064364,0.050262643079411626,0.07140619262903977,0.6,87.0,300.0
0.04857278158698203,0.01599999572476981,0.038270366578634,0.6,88.0,300.0
0.01609763742110588,0.052732378203599,0.03921925412168943,0.6,89.0,300.0
0.02152340120371284,0.046213828673025543,0.046182430459813566,0.6,90.0,300.0
0.02249815746663646,0.021176790199531777,0.03791631250167866,0.6,91.0,300.0
0.03962825642029353,0.039993889174914234,0.055202818341605515,0.6,92.0,300.0
0.01880691115450537,0.022730934260222175,0.043182687478360446,0.6,93.0,300.0
0.043215727288319794,0.04643802621815136,0.06559471813772218,0.6,94.0,300.0
0.025809882609133847,0.023820274791772563,0.05728697816867315,0.6,95.0,300.0
0.04393104825456707,0.034634840335904436,0.07284393571183231,0.6,96.0,300.0
0.0382760171062669,0.04543048591068508,0.08333875591475484,0.6,97.0,300.0
0.04069771865708313,0.037242507239475,0.05370325243051869,0.6,98.0,300.0
0.023556861292880576,0.022303839934701523,0.062378916472355,0.6,99.0,300.0
0.015361808319939182,0.013889830538709437,0.031215748648761452,0.6,100.0,300.0
0.019059333380937685,0.02101987202553075,0.06175182315040642,0.7,1.0,300.0
0.023217522738024226,0.039192408148426304,0.06103379071689928,0.7,2.0,300.0
0.06131472666266299,0.05036042033650487,0.05118216477105734,0.7,3.0,300.0
0.0462045309665813,0.045607901543815464,0.057673830372261856,0.7,4.0,300.0
0.024084829280413604,0.058283232396467426,0.0463002009040047,0.7,5.0,300.0
0.032409241795400286,0.05226933089512227,0.08728578907546439,0.7,6.0,300.0
0.07699003806857999,0.05720438366432289,0.12399236464313403,0.7,7.0,300.0
0.02477964313110841,0.018510956515806087,0.04100010481047471,0.7,8.0,300.0
0.03761048542321401,0.04341765537819814,0.06065249763097234,0.7,9.0,300.0
0.016483853213358927,0.024171710541977268,0.05684164445075581,0.7,10.0,300.0
0.0238588606775905,0.035016208988510655,0.06834930497541802,0.7,11.0,300.0
0.024951509419379993,0.028340416598421066,0.07462420788768043,0.7,12.0,300.0
0.05682773036435949,0.03771991792959135,0.05370352805459467,0.7,13.0,300.0
0.0367307260786197,0.04477090778151416,0.052353672402046206,0.7,14.0,300.0
0.02636719392901846,0.02946521968623457,0.049909449838172304,0.7,15.0,300.0
0.024751408830605625,0.03574672277087983,0.07164639364044287,0.7,16.0,300.0
0.023313946169623505,0.040911315511734936,0.04077435374447645,0.7,17.0,300.0
0.030778048882504485,0.029295871167514167,0.0489017750084628,0.7,18.0,300.0
0.1126282365701871,0.08584947823808947,0.11661661975238183,0.7,19.0,300.0
0.026705731535828354,0.027786337011512254,0.05010143572856979,0.7,20.0,300.0
0.03258652844607603,0.06001875085863278,0.06313046553552737,0.7,21.0,300.0
0.05191176140971671,0.06441067642598418,0.08435979656288622,0.7,22.0,300.0
0.0366635557476557,0.05335551102231536,0.06029008926953651,0.7,23.0,300.0
0.0343336577229517,0.06226732117728358,0.07165858463856702,0.7,24.0,300.0
0.02397885911829614,0.02644337311945424,0.04109953126459246,0.7,25.0,300.0
0.04920632960548809,0.040835177623687234,0.06276400717181455,0.7,26.0,300.0
0.02913438484104413,0.035053250507885624,0.06833345224238536,0.7,27.0,300.0
0.01768518555633885,0.02041479496487723,0.04680184963309476,0.7,28.0,300.0
0.034296504856498225,0.03703168353267834,0.061667839491948345,0.7,29.0,300.0
0.03447732912411865,0.0394383092940348,0.06049132019056222,0.7,30.0,300.0
0.02039460311074231,0.02240453817617407,0.03875562180045686,0.7,31.0,300.0
0.05614829312214355,0.04733322693059988,0.05423297839296638,0.7,32.0,300.0
0.01935264009052934,0.024263709662720602,0.058102117563682734,0.7,33.0,300.0
0.029088932101309736,0.02184937298369034,0.0365074811881069,0.7,34.0,300.0
0.015190834416309796,0.024157658516665848,0.05310419166010181,0.7,35.0,300.0
0.03858612065753794,0.033289652557977015,0.08720439404988964,0.7,36.0,300.0
0.05270824407424036,0.053223330316994416,0.08089993226469618,0.7,37.0,300.0
0.03645754688685346,0.04846478905437059,0.053813094671394064,0.7,38.0,300.0
0.025259158172260366,0.033295711841148164,0.07024867800591798,0.7,39.0,300.0
0.07309313821195926,0.061453339406203226,0.08643423098639307,0.7,40.0,300.0
0.04496602543229983,0.04210236135949981,0.05864648395459763,0.7,41.0,300.0
0.04428357898137939,0.045009666159738775,0.07652599872849178,0.7,42.0,300.0
0.028028921049478125,0.031729577100137324,0.05006420444599801,0.7,43.0,300.0
0.021494680031057155,0.02597814406471231,0.03863752198016888,0.7,44.0,300.0
0.018078094579137925,0.015369934871376579,0.03688373965739489,0.7,45.0,300.0
0.02379114830620863,0.03293108805423747,0.06950360253555544,0.7,46.0,300.0
0.012989337585105117,0.017545067319379357,0.051311039954282885,0.7,47.0,300.0
0.029345102999801777,0.024968326680964895,0.06167838675616904,0.7,48.0,300.0
0.028368559013863818,0.03028623779546033,0.06121015149439952,0.7,49.0,300.0
0.027408372477784645,0.02448982792341944,0.03554026815051687,0.7,50.0,300.0
0.02803523730698053,0.03171564299120952,0.0886964732350406,0.7,51.0,300.0
0.01791656409457695,0.024413970955174856,0.04394749025516628,0.7,52.0,300.0
0.013227367174198774,0.017379756283986813,0.03664632869377515,0.7,53.0,300.0
0.06542224873166905,0.047875900260439495,0.10468978173204387,0.7,54.0,300.0
0.018653339826054886,0.02680213148711141,0.058558574975648266,0.7,55.0,300.0
0.043787457836900336,0.044152048099693066,0.07505537518496919,0.7,56.0,300.0
0.054020629411705066,0.052737608287293444,0.07373697621532017,0.7,57.0,300.0
0.02576207328155906,0.026519625709570453,0.04879504758672706,0.7,58.0,300.0
0.04427334995488544,0.03253373907700322,0.051789010867920086,0.7,59.0,300.0
0.027642713589874232,0.037742484583748286,0.053409484669908434,0.7,60.0,300.0
0.02814081277606848,0.03828807682798497,0.05587473539837069,0.7,61.0,300.0
0.03442012782633289,0.03142479155558945,0.0990157133818916,0.7,62.0,300.0
0.03509563790193044,0.05588708895756022,0.07909578745015636,0.7,63.0,300.0
0.023237888138900997,0.03279154818904135,0.09397074310171455,0.7,64.0,300.0
0.06494683476536948,0.10049420519764708,0.10278456235330427,0.7,65.0,300.0
0.02968275542309216,0.03052515078256414,0.08929064136367477,0.7,66.0,300.0
0.01346555909532855,0.01741823412728327,0.0650208598210174,0.7,67.0,300.0
0.015462867865589447,0.015277374074890592,0.046993228185800436,0.7,68.0,300.0
0.029667656912187576,0.026136891011573828,0.053338509304174116,0.7,69.0,300.0
0.018550156819693544,0.022986501460258695,0.06747005934638192,0.7,70.0,300.0
0.051952649777096085,0.06420379108580501,0.0873860522320199,0.7,71.0,300.0
0.0714065171458416,0.05351665081466701,0.08913251798160009,0.7,72.0,300.0
0.044498203645079344,0.04531709327405272,0.08132197780764731,0.7,73.0,300.0
0.03778307145211143,0.08325820648928389,0.09583735876776611,0.7,74.0,300.0
0.03411429863996324,0.04125671888774202,0.12198965818921904,0.7,75.0,300.0
0.08203605322231661,0.1073354795108543,0.17196426717233054,0.7,76.0,300.0
0.024348696757445873,0.024359373815981373,0.05051628445947785,0.7,77.0,300.0
0.02491988601483802,0.02862079406356694,0.05360115525680078,0.7,78.0,300.0
0.050146628460738495,0.06023110339315868,0.07975673940864145,0.7,79.0,300.0
0.026685648724721643,0.03066855569598486,0.07124158163878726,0.7,80.0,300.0
0.03177603061541968,0.03152024926558263,0.06672558164693543,0.7,81.0,300.0
0.043412114038054436,0.05198593167859437,0.06586461620340278,0.7,82.0,300.0
0.03622332124810334,0.04133356991002007,0.058645645401981146,0.7,83.0,300.0
0.02606594206657509,0.025354300247656135,0.08172636191330361,0.7,84.0,300.0
0.039166714452797805,0.045132225420226275,0.05809465999244795,0.7,85.0,300.0
0.014385292198908496,0.01634448434363688,0.04184798480816373,0.7,86.0,300.0
0.056668976154367424,0.07255527731934593,0.09709678530317233,0.7,87.0,300.0
0.02913623436415273,0.029445107961455556,0.042470648517794,0.7,88.0,300.0
0.028752571189568973,0.02930763145815757,0.05333163284269479,0.7,89.0,300.0
0.021847365437598482,0.0316763511530802,0.08025360148554525,0.7,90.0,300.0
0.02893163323473242,0.024862503197550543,0.056197160500091534,0.7,91.0,300.0
0.024605607614778247,0.032590877838392235,0.051906290721787124,0.7,92.0,300.0
0.027943678176077954,0.028769347027031753,0.05096172601762968,0.7,93.0,300.0
0.059549591194999994,0.13586308366831087,0.14770163784677595,0.7,94.0,300.0
0.020057042161599512,0.036348335583751244,0.06393510541514077,0.7,95.0,300.0
0.023143870112028272,0.03606950223049178,0.06566356760053563,0.7,96.0,300.0
0.015732192179527347,0.016872293906150002,0.037374154175676216,0.7,97.0,300.0
0.029495812939303593,0.0264766697561872,0.047449393141087794,0.7,98.0,300.0
0.03467840878424372,0.04017801974968026,0.06801311329519459,0.7,99.0,300.0
0.01988548153588284,0.042985944001960034,0.04519984550249381,0.7,100.0,300.0
0.034156050524475796,0.060514487295260516,0.10089737421327559,0.8,1.0,300.0
0.06595075412687368,0.05108534535588061,0.08649807667150514,0.8,2.0,300.0
0.02578103725972278,0.08024843065255378,0.12090877991003937,0.8,3.0,300.0
0.039193421394244796,0.06295417132965218,0.08407162977332194,0.8,4.0,300.0
0.047260798571003286,0.04956702424362239,0.08998443395649125,0.8,5.0,300.0
0.05000930717747564,0.06806140856369593,0.0941598851800819,0.8,6.0,300.0
0.02605568558792742,0.025791033018925557,0.07830871985628629,0.8,7.0,300.0
0.022827893799551198,0.022825112416553966,0.05954937255063102,0.8,8.0,300.0
0.012916181536602636,0.020168006314804744,0.04084787512425488,0.8,9.0,300.0
0.022890254249753696,0.025841487228873503,0.044782436486796036,0.8,10.0,300.0
0.016278620276685127,0.02078225319855664,0.04792029606522386,0.8,11.0,300.0
0.051961148376801,0.054190605119151115,0.07879894635605007,0.8,12.0,300.0
0.020210419741641276,0.026134744235832535,0.03677550799472687,0.8,13.0,300.0
0.05589037633928975,0.06407250600385549,0.10273585947067239,0.8,14.0,300.0
0.02945517857094609,0.06295175930365536,0.08634461847219442,0.8,15.0,300.0
0.02938756413987614,0.041092823145001,0.061995566524116155,0.8,16.0,300.0
0.04175774331362829,0.032373358942752097,0.0728291363083476,0.8,17.0,300.0
0.04843471175839503,0.05689964046437811,0.08515560534878273,0.8,18.0,300.0
0.049235593855350514,0.056597284818308495,0.09995967005634977,0.8,19.0,300.0
0.07282892745944997,0.09716221373785756,0.13159289836658408,0.8,20.0,300.0
0.024988055572239685,0.040489193321085755,0.09528809574335938,0.8,21.0,300.0
0.028726676772350954,0.036769937422063956,0.06859327224154603,0.8,22.0,300.0
0.05592505420749126,0.06394773768002715,0.12501572352938592,0.8,23.0,300.0
0.0611451318124428,0.07113031740482575,0.12854047188962237,0.8,24.0,300.0
0.024225960869369012,0.026389304197511742,0.06910973072414112,0.8,25.0,300.0
0.023179512505265783,0.030360783950446946,0.058627585723705224,0.8,26.0,300.0
0.02107133203765332,0.04601356831741486,0.08389707275109674,0.8,27.0,300.0
0.08420893817575043,0.06925988811620402,0.15131472321093653,0.8,28.0,300.0
0.04182518151016135,0.04649479741787664,0.1232937923062559,0.8,29.0,300.0
0.08991833869293726,0.048554306399402065,0.08483948136353398,0.8,30.0,300.0
0.025828293422663524,0.059774084473260936,0.08148607450089278,0.8,31.0,300.0
0.06494194533198416,0.07982066556810388,0.14038261995363557,0.8,32.0,300.0
0.04652520136076235,0.0683445876127629,0.09773857454078815,0.8,33.0,300.0
0.020775537233181075,0.027233290500365808,0.06827133554351,0.8,34.0,300.0
0.03492391836454093,0.05328419636735391,0.09939831396498852,0.8,35.0,300.0
0.049455967485450815,0.05828005319493771,0.07430667737432871,0.8,36.0,300.0
0.05043245619735279,0.0478014224294724,0.11596682528539654,0.8,37.0,300.0
0.056502946862895975,0.0852144163975819,0.12062485657553697,0.8,38.0,300.0
0.024642980741805192,0.05435140514942998,0.04862416740049506,0.8,39.0,300.0
0.022288338736907085,0.06419048162394804,0.10154829227352019,0.8,40.0,300.0
0.02276179356558747,0.03190987397546697,0.0917849940537823,0.8,41.0,300.0
0.03453456665079475,0.0407895664731525,0.07178681152300487,0.8,42.0,300.0
0.15157717801283424,0.020005426215988064,0.05494204436645462,0.8,43.0,300.0
0.022163026414749612,0.029763321247993087,0.054807066201374884,0.8,44.0,300.0
0.056244211065977476,0.07920508302077099,0.10089481782865811,0.8,45.0,300.0
0.025082958553271372,0.06922646500561291,0.08117523615798385,0.8,46.0,300.0
0.04553837201029889,0.09103028279037761,0.08858359832341353,0.8,47.0,300.0
0.05583151154083203,0.07721623027111323,0.0883429058479828,0.8,48.0,300.0
0.033562675513538955,0.037674243248419545,0.06332746295254624,0.8,49.0,300.0
0.037759526707636826,0.04584584257352403,0.06015601531318348,0.8,50.0,300.0
0.03082632284372921,0.07313007295708451,0.11354893866889267,0.8,51.0,300.0
0.034491113442698104,0.04659125187836444,0.07811564266113442,0.8,52.0,300.0
0.02404917566803328,0.047775785824168734,0.05748264900963318,0.8,53.0,300.0
0.04378215353716877,0.03970720581999181,0.08628955022464309,0.8,54.0,300.0
0.041731230153894634,0.03698320571471708,0.07106463377593984,0.8,55.0,300.0
0.03644715617648544,0.056447226561333254,0.13226780244957,0.8,56.0,300.0
0.028386353946613988,0.03627227101512191,0.06533675984844192,0.8,57.0,300.0
0.025024439744008406,0.02087402101563627,0.062173117878152266,0.8,58.0,300.0
0.1057366541617459,0.1195803326751172,0.15774071049219146,0.8,59.0,300.0
0.037514081784117456,0.08224168053618175,0.056825833041065144,0.8,60.0,300.0
0.02231567400790179,0.05188461989055061,0.05836040014855175,0.8,61.0,300.0
0.022861592096487887,0.07022239441388048,0.08927597399608268,0.8,62.0,300.0
0.04481442002177422,0.07194968262972698,0.11026974688499414,0.8,63.0,300.0
0.03343691015277832,0.03881126383011364,0.0702722025698738,0.8,64.0,300.0
0.044709951792156644,0.061709108493650376,0.08122965716785135,0.8,65.0,300.0
0.05229242205416375,0.036990318189712955,0.04671244926609441,0.8,66.0,300.0
0.06759873628891305,0.09560911006329853,0.1230999466918949,0.8,67.0,300.0
0.038740885507212504,0.06208717937105873,0.06318223606833252,0.8,68.0,300.0
0.01574432570411889,0.01979561099931374,0.042900811669474063,0.8,69.0,300.0
0.03188954168726076,0.0417022886398071,0.07446401040448505,0.8,70.0,300.0
0.012837130259407862,0.051054406695477846,0.13081542528161255,0.8,71.0,300.0
0.02870866279167934,0.02419085074483714,0.06948200228243429,0.8,72.0,300.0
0.05444405773377862,0.059215277086406753,0.08732915475603728,0.8,73.0,300.0
0.029900365728130266,0.024923747961472672,0.05335568616809456,0.8,74.0,300.0
0.03378795446030086,0.027963176179668765,0.06232806336675168,0.8,75.0,300.0
0.02215680024642855,0.029562674861132007,0.04534132664906165,0.8,76.0,300.0
0.06833464799989493,0.10801327868323833,0.14130615231664287,0.8,77.0,300.0
0.043678173167841436,0.040963218643288134,0.06768512916329399,0.8,78.0,300.0
0.023580200383195662,0.022746421501001094,0.03327597881859692,0.8,79.0,300.0
0.013486773981424217,0.017400142096490313,0.03197802072756525,0.8,80.0,300.0
0.026047913223796227,0.0364748367945256,0.05871031197524506,0.8,81.0,300.0
0.05400416014623838,0.061324300848144477,0.06937808393293043,0.8,82.0,300.0
0.039535765545209815,0.06824568075967061,0.15880296246439696,0.8,83.0,300.0
0.0239484039564665,0.023328617690809895,0.05050180922496142,0.8,84.0,300.0
0.031154286538229197,0.033517308574062994,0.06665697524416421,0.8,85.0,300.0
0.028766532762562774,0.04132455889833899,0.055306763667568044,0.8,86.0,300.0
0.030671530516255794,0.049985103406382986,0.08904170546589078,0.8,87.0,300.0
0.052301459164042795,0.04154277368571604,0.08883463757009871,0.8,88.0,300.0
0.029811045535113982,0.03442622751124229,0.09831947439414884,0.8,89.0,300.0
0.05451165589538472,0.046960337054855014,0.08903126857518803,0.8,90.0,300.0
0.034667025442447943,0.04073945218834417,0.05900170651701584,0.8,91.0,300.0
0.03991651617801873,0.07871750411636867,0.0691080008614044,0.8,92.0,300.0
0.029577757302901644,0.0862866295965524,0.07695826402019522,0.8,93.0,300.0
0.020795877665906855,0.02475940041995507,0.04585443700145116,0.8,94.0,300.0
0.031263379361122376,0.053655892916274206,0.10856311520386354,0.8,95.0,300.0
0.0182030770520844,0.030336507104811564,0.08043801568003948,0.8,96.0,300.0
0.01821386576986315,0.02006815329253084,0.04992935108037195,0.8,97.0,300.0
0.021809865627110122,0.035585445728616966,0.047707874334120465,0.8,98.0,300.0
0.04953634295463375,0.10744990578631537,0.12307845597167028,0.8,99.0,300.0
0.05257799160056909,0.08087037777642317,0.16503149286181695,0.8,100.0,300.0
0.045270584338577495,0.16025243582781848,0.23085144399052376,0.9,1.0,300.0
0.0333258879867774,0.05106730661675131,0.13897987681728657,0.9,2.0,300.0
0.053312703122745685,0.12596237314981054,0.24369707110859348,0.9,3.0,300.0
0.046484853798766906,0.02945045161208772,0.068586066449121,0.9,4.0,300.0
0.025454992609651075,0.060201751237595164,0.11805828779011608,0.9,5.0,300.0
0.016148438771451692,0.0439213874014925,0.13846456414298924,0.9,6.0,300.0
0.015451503079964853,0.06437202358405517,0.10581965341970852,0.9,7.0,300.0
0.029849827596641558,0.11348799405125386,0.1850793474606545,0.9,8.0,300.0
0.04470122656585619,0.08930815721355075,0.23699220891238626,0.9,9.0,300.0
0.08052798823089682,0.15299671989484256,0.17681106213718348,0.9,10.0,300.0
0.018319780931852075,0.023542099839667964,0.09555884881820657,0.9,11.0,300.0
0.05614834996538304,0.10809254584698674,0.14329545651080955,0.9,12.0,300.0
0.04266765970159198,0.18671103816490559,0.26728338317452904,0.9,13.0,300.0
0.055342083166490495,0.06508190694355571,0.10862343218543767,0.9,14.0,300.0
0.023293863482187302,0.06186672986472772,0.14086834551243463,0.9,15.0,300.0
0.0536163222653904,0.0670900040812864,0.09770015174699584,0.9,16.0,300.0
0.07549074300490036,0.24408189126935684,0.29551083775814,0.9,17.0,300.0
0.0707806155500877,0.19540474198944807,0.27604170726053373,0.9,18.0,300.0
0.057116760605452864,0.07596940309372495,0.08942034390847885,0.9,19.0,300.0
0.05327707488957803,0.13999077986285532,0.2137356934605834,0.9,20.0,300.0
0.02700993653223485,0.0363593148757269,0.053566001879403566,0.9,21.0,300.0
0.04642253882447304,0.05930960965017311,0.11720503334181182,0.9,22.0,300.0
0.042571595621082314,0.15290225664826726,0.21628340150969705,0.9,23.0,300.0
0.01750345949688505,0.08843284307231668,0.17109239818598065,0.9,24.0,300.0
0.04700843240127262,0.06780759283209421,0.08143567998128953,0.9,25.0,300.0
0.06197590760982923,0.0618541513553185,0.11258842454519148,0.9,26.0,300.0
0.09109039793071597,0.09893970712239977,0.1148634759055991,0.9,27.0,300.0
0.037745294394701874,0.0480997633728619,0.11019630443372516,0.9,28.0,300.0
0.021855770720295046,0.055521324511273944,0.18636020634498465,0.9,29.0,300.0
0.061171332927866265,0.07196597150197583,0.12281920850163558,0.9,30.0,300.0
0.034085570135536654,0.15218344158349453,0.17090608505453614,0.9,31.0,300.0
0.062235478411831434,0.06866921352277458,0.09703307240573052,0.9,32.0,300.0
0.037780222073758286,0.085231220759656,0.1364520765961016,0.9,33.0,300.0
0.038310142085227254,0.04726591563691912,0.08166300754845904,0.9,34.0,300.0
0.04715856333140571,0.29040087712429014,0.36093127470865854,0.9,35.0,300.0
0.03975413699480797,0.0819066767390493,0.11046008797310354,0.9,36.0,300.0
0.07908602775181567,0.11698424406020917,0.17359755442942768,0.9,37.0,300.0
0.05088343509869486,0.11106007547353539,0.13646287729558265,0.9,38.0,300.0
0.033137127378246874,0.04510975302321704,0.06031479371904957,0.9,39.0,300.0
0.06768866562710976,0.08085603505599412,0.13758482758773596,0.9,40.0,300.0
0.06291381949759209,0.0793595109697636,0.12419214802843334,0.9,41.0,300.0
0.030253675331756644,0.02585236053506584,0.04581742717168088,0.9,42.0,300.0
0.08883724254972368,0.08607152671928131,0.11853130163345246,0.9,43.0,300.0
0.047856574167055084,0.1448714720575796,0.1751902784180011,0.9,44.0,300.0
0.051994937343149285,0.056464721589358745,0.07786769152656144,0.9,45.0,300.0
0.032016273098031844,0.07960539477241058,0.10891268270485598,0.9,46.0,300.0
0.056905948321976846,0.07890401940964727,0.11751921514396217,0.9,47.0,300.0
0.07541981382576758,0.09041879918693486,0.10039044391038199,0.9,48.0,300.0
0.034913639748811474,0.057727487846152226,0.07459840330723744,0.9,49.0,300.0
0.10927966516846863,0.2773630672762126,0.3885660031079894,0.9,50.0,300.0
0.04040450745948971,0.06583812808894912,0.11645427148422222,0.9,51.0,300.0
0.059470682682722965,0.0797348362328188,0.09947916128688378,0.9,52.0,300.0
0.0356222777657069,0.0814340006342703,0.17451988258166987,0.9,53.0,300.0
0.020570599059661774,0.09766998491927993,0.1270924256575544,0.9,54.0,300.0
0.018196478851243824,0.04473005145094147,0.14109543549775455,0.9,55.0,300.0
0.06359916410720001,0.10402747022945617,0.16700429412204112,0.9,56.0,300.0
0.08630836799272011,0.14311200808581936,0.20227580303255485,0.9,57.0,300.0
0.07162183695931504,0.09355355825279164,0.13143155757388977,0.9,58.0,300.0
0.0536438288768226,0.2347751011312132,0.2708196358535351,0.9,59.0,300.0
0.052589504095349536,0.18493864466035553,0.43191558412200537,0.9,60.0,300.0
0.043327112348584274,0.05487554844434207,0.10605782616874451,0.9,61.0,300.0
0.03387492107419194,0.10733441987438225,0.2070395132559644,0.9,62.0,300.0
0.0489302893122543,0.1998554263972664,0.27278892831034596,0.9,63.0,300.0
0.07904295498656784,0.12928314688168283,0.1891032290334458,0.9,64.0,300.0
0.024403728133787782,0.1078182353418277,0.1728352046319501,0.9,65.0,300.0
0.03565577049748731,0.051896645759320126,0.11105284595592504,0.9,66.0,300.0
0.06057130839801564,0.06962656877511425,0.12088067229685556,0.9,67.0,300.0
0.0384298090501535,0.09213308872729002,0.1328765101616227,0.9,68.0,300.0
0.01849106797407729,0.026309854606212595,0.08712724562396378,0.9,69.0,300.0
0.041536908511602015,0.05859446095249354,0.1220306781671556,0.9,70.0,300.0
0.035231633087139225,0.04433970993240465,0.10941484267996296,0.9,71.0,300.0
0.04123704767396819,0.07116084463468694,0.10269932284879463,0.9,72.0,300.0
0.06839130331329238,0.16126908527251302,0.21817174039825882,0.9,73.0,300.0
0.06126027004616417,0.06025896111706248,0.0745402038214374,0.9,74.0,300.0
0.04679139620337091,0.0866728124798423,0.10453638251337817,0.9,75.0,300.0
0.05904650105894531,0.11160027885036485,0.15929168748663372,0.9,76.0,300.0
0.040291386972252645,0.0739163638657381,0.16782659837904262,0.9,77.0,300.0
0.03994897548281446,0.05984867555513432,0.13602311051810023,0.9,78.0,300.0
0.04107213418754788,0.05111823783225109,0.1631565281763163,0.9,79.0,300.0
0.05102764917128563,0.07795660821781548,0.10385111529480041,0.9,80.0,300.0
0.040033087097081296,0.06108690546214057,0.09573791036693576,0.9,81.0,300.0
0.026753239639064386,0.09539377849867856,0.14122764902156845,0.9,82.0,300.0
0.10489529436765287,0.09404200667790169,0.16400582511968675,0.9,83.0,300.0
0.05981237477978993,0.12268665584871287,0.17163478564303752,0.9,84.0,300.0
0.05543075261778887,0.12750620303213356,0.17419654778179064,0.9,85.0,300.0
0.05174978386285555,0.04430417234147609,0.09289614437691322,0.9,86.0,300.0
0.03296373661305135,0.08263163750243678,0.10943338976808714,0.9,87.0,300.0
0.07427936324692001,0.10715834027981785,0.19293980483315998,0.9,88.0,300.0
0.08362422075543628,0.11154233048899109,0.155346302430264,0.9,89.0,300.0
0.07464973129274978,0.10995030580403958,0.20980579035161595,0.9,90.0,300.0
0.09293047297348525,0.11872274446252763,0.26065321793075336,0.9,91.0,300.0
0.03379009395420664,0.05627296782974056,0.08835115092764682,0.9,92.0,300.0
0.04487895274159275,0.1320582258742901,0.15550881186708662,0.9,93.0,300.0
0.04575708318411334,0.10176480516925854,0.2838060114082762,0.9,94.0,300.0
0.05293429108029577,0.11036784442757341,0.13560645311422218,0.9,95.0,300.0
0.02066728623215944,0.04655954907532466,0.09438395626313337,0.9,96.0,300.0
0.04582571384973428,0.12859882193947744,0.2242505005909521,0.9,97.0,300.0
0.07109565570855549,0.07822473480700372,0.1526781512513526,0.9,98.0,300.0
0.05567076378999966,0.06288181783321783,0.10781896699504248,0.9,99.0,300.0
0.04502253738272273,0.0680806463256083,0.13927801391098488,0.9,100.0,300.0
0.08469214303608678,0.1468462192797038,0.14942006800556093,0.95,1.0,300.0
0.0781791049974504,0.2228592754257055,0.3456536831140102,0.95,2.0,300.0
0.12938007835202858,0.19159377495930915,0.24876018311807938,0.95,3.0,300.0
0.12846739038531033,0.2013409796916007,0.2117052514962455,0.95,4.0,300.0
0.1035945774905751,0.1307366117227124,0.1325068749183538,0.95,5.0,300.0
0.1216351229643582,0.12223839420220996,0.15039180113391976,0.95,6.0,300.0
0.10435506017644061,0.16915232098635757,0.2505382044902999,0.95,7.0,300.0
0.05290241505434252,0.05324618270425732,0.2004315143089092,0.95,8.0,300.0
0.13811730070767622,0.12752108783687574,0.19027435740904816,0.95,9.0,300.0
0.05753519358919991,0.0770224225403938,0.17279798953008502,0.95,10.0,300.0
0.07497972089801937,0.10029598950107207,0.23772302296742975,0.95,11.0,300.0
0.052457902589197296,0.38354032395051435,0.5739406693982507,0.95,12.0,300.0
0.07185719109703287,0.17398461356429373,0.34036132766077737,0.95,13.0,300.0
0.07842801893506847,0.5315794072766692,0.7769704328589944,0.95,14.0,300.0
0.10442124796118236,0.20176244894143222,0.2889461280176826,0.95,15.0,300.0
0.10711121287451435,0.1704860494573103,0.32994567287532683,0.95,16.0,300.0
0.0596371372032055,0.15676301711970275,0.23944136008148748,0.95,17.0,300.0
0.13725120932882012,0.1276423146777686,0.17542070162759818,0.95,18.0,300.0
0.054961680066828646,0.07468954669517244,0.10181914638096715,0.95,19.0,300.0
0.13039627054935554,0.09560049522209768,0.14678348355787707,0.95,20.0,300.0
0.10600090761985312,0.23720195339546923,0.29506374139761454,0.95,21.0,300.0
0.10402755727038912,0.14931876805006591,0.35695612899402285,0.95,22.0,300.0
0.1648138898424944,0.16701354218047088,0.23181881191807588,0.95,23.0,300.0
0.15925097149960893,0.19926213909889284,0.24247156939693498,0.95,24.0,300.0
0.10314460770548387,0.4293536166816445,0.4728588351329015,0.95,25.0,300.0
0.10119951023435765,0.18170957998844506,0.29367714580529686,0.95,26.0,300.0
0.06774248325182654,0.08811586958863825,0.08435197640008406,0.95,27.0,300.0
0.07047314362006596,0.043572931289177996,0.10406982223203584,0.95,28.0,300.0
0.12527192735504403,0.08807114657845797,0.10797398517695053,0.95,29.0,300.0
0.09930023790165081,0.09917658795254274,0.1865109989916553,0.95,30.0,300.0
0.09410813322245422,0.2090899006581737,0.28929686799427606,0.95,31.0,300.0
0.25539332204551596,0.2456523780303956,0.25663978766256845,0.95,32.0,300.0
0.12972045863162282,0.20467690845787181,0.27932580834718707,0.95,33.0,300.0
0.15093465278609414,0.15205348234395155,0.18669158074144665,0.95,34.0,300.0
0.03596886648172961,0.13312596025265014,0.1947399005223823,0.95,35.0,300.0
0.06025106858140336,0.18620275407542283,0.4200259162235254,0.95,36.0,300.0
0.053760079561074876,0.3934932433623247,0.5642518989631495,0.95,37.0,300.0
0.07886776444628014,0.7445804945512112,0.7625521913776957,0.95,38.0,300.0
0.0888887404356734,0.40339146337097825,0.42348364867976795,0.95,39.0,300.0
0.07412138962253131,0.5665071301277745,0.8486867480667649,0.95,40.0,300.0
0.08202573628456876,0.1326198837056209,0.20824822710854457,0.95,41.0,300.0
0.08310802541737417,0.4079027955497686,0.52522630873715,0.95,42.0,300.0
0.10653346411903228,0.10818133563742531,0.15928100750850283,0.95,43.0,300.0
0.07575180212079305,0.11845260201488872,0.21835502995685221,0.95,44.0,300.0
0.12402810276558636,0.1719814298487674,0.20348286297400411,0.95,45.0,300.0
0.06733978386684458,0.23618352556190114,0.2313885803645309,0.95,46.0,300.0
0.08437622784077078,0.07542462987054824,0.10448506047095171,0.95,47.0,300.0
0.14264512538940147,0.18711366268555452,0.28207518530286885,0.95,48.0,300.0
0.09026985650847665,0.6211773952926484,0.7413046861865803,0.95,49.0,300.0
0.07471859914898878,0.41419510831293904,0.4232476204992691,0.95,50.0,300.0
0.0830321196952527,0.25991237340401885,0.299524078754162,0.95,51.0,300.0
0.1640801810326272,0.15226646531877078,0.16539162052878156,0.95,52.0,300.0
0.07005745825319737,0.07667527718406052,0.1557749275489676,0.95,53.0,300.0
0.10460744939735855,0.10424387458763848,0.12724468980576092,0.95,54.0,300.0
0.2690320466577896,0.2793330027493091,0.2827329393814205,0.95,55.0,300.0
0.05268929824906243,0.24818067263145233,0.43973648160033835,0.95,56.0,300.0
0.10250988367438343,0.19823739870476784,0.2709012982058738,0.95,57.0,300.0
0.06589033966123992,0.308060199930592,0.366544633630955,0.95,58.0,300.0
0.11832581107707976,0.1363822401392321,0.17784324220748735,0.95,59.0,300.0
0.0776445283384185,0.24995882923451865,0.28074913343262836,0.95,60.0,300.0
0.05999311653290642,0.45303719368846024,0.6286652534876168,0.95,61.0,300.0
0.08007229799207902,0.30826060827870183,0.6879546328954359,0.95,62.0,300.0
0.08499547783699894,0.10618063240338191,0.19899699168628127,0.95,63.0,300.0
0.07770041337269609,0.05311512792794577,0.12378168005715977,0.95,64.0,300.0
0.10031499354837446,0.11198192306186215,0.15907745585820682,0.95,65.0,300.0
0.16095463058039375,0.19167455815665937,0.30874245370438547,0.95,66.0,300.0
0.06074404156025992,0.3863456033755435,0.403068977918231,0.95,67.0,300.0
0.09239085478535794,0.25325151413539265,0.2713936660254105,0.95,68.0,300.0
0.07982574245674826,0.45929788057217374,0.5429545180758387,0.95,69.0,300.0
0.09305792049148082,0.3922624826603998,0.5266493746306703,0.95,70.0,300.0
0.11999733629047624,0.08925977027835093,0.16109683476074496,0.95,71.0,300.0
0.043149335760790254,0.4497323749943224,0.7402474875420777,0.95,72.0,300.0
0.09399934705020208,0.21168190300079368,0.23677014033069485,0.95,73.0,300.0
0.14271623031740563,0.1488114959623335,0.17357410894949635,0.95,74.0,300.0
0.03320027827066439,0.12435757551363094,0.24158906807580413,0.95,75.0,300.0
0.1511200785302352,0.631480737212093,1.0104321902256956,0.95,76.0,300.0
0.07398905004875106,0.15408584688917945,0.367750213519032,0.95,77.0,300.0
0.12391778219604258,0.10973183280378429,0.18521542692558132,0.95,78.0,300.0
0.04145134049995906,0.10207632983946671,0.2138314548998011,0.95,79.0,300.0
0.08005655223888468,0.2195213454836691,0.4117688846509951,0.95,80.0,300.0
0.03551543653028301,0.3863146622028689,0.4974459433992845,0.95,81.0,300.0
0.04838639003475083,0.5398132518171914,0.6359867909703385,0.95,82.0,300.0
0.07743652654020215,0.3224601898124176,0.3249423630322291,0.95,83.0,300.0
0.13835251762360867,0.22496430289676728,0.29684149683907696,0.95,84.0,300.0
0.07590790711527225,0.13375591011497973,0.14876798868828947,0.95,85.0,300.0
0.13178028652720333,0.2641357014631655,0.27868042546018407,0.95,86.0,300.0
0.16683802036667295,0.13966564280249347,0.15761610216003666,0.95,87.0,300.0
0.15432564662376874,0.3656830924769513,0.5456621021132714,0.95,88.0,300.0
0.055289495788340526,0.1122235333841704,0.22142037758186278,0.95,89.0,300.0
0.06457422709749154,0.058836275347890286,0.14989301370839103,0.95,90.0,300.0
0.09868269230367264,0.08365674966283185,0.10016213562472942,0.95,91.0,300.0
0.16025349897498642,0.5497855512843217,0.6481648166726144,0.95,92.0,300.0
0.12800816064979054,0.09525339741314562,0.17326691983255393,0.95,93.0,300.0
0.11145734222511945,0.18953992534742442,0.21793052227853585,0.95,94.0,300.0
0.03131933523510874,0.19720377585893706,0.25223240699398325,0.95,95.0,300.0
0.1515428702206003,0.15423509697885884,0.17845396229131288,0.95,96.0,300.0
0.06287838847919255,0.49163282943329395,0.5187524531021601,0.95,97.0,300.0
0.12065283844030704,0.3040478541685994,0.36933077157616495,0.95,98.0,300.0
0.12485468012758982,0.24472892141045505,0.2948522106383635,0.95,99.0,300.0
0.12020215942613434,0.14521666219400933,0.17905335878497639,0.95,100.0,300.0
0.13573015146046133,4.008173452702008,4.0870849585200855,0.98,1.0,300.0
0.08825828994815736,0.21749005464911583,0.3099597131655921,0.98,2.0,300.0
0.24472476599738882,0.5182901767051484,0.5804763460608579,0.98,3.0,300.0
0.1584466656753029,0.19519198879336017,0.22555013736194068,0.98,4.0,300.0
0.3025533832678631,0.43492921270805374,0.4735311142160875,0.98,5.0,300.0
0.25686561973488353,0.2809256623756573,0.311435883422025,0.98,6.0,300.0
0.1515602805116467,0.5034559616529877,0.5492515386227075,0.98,7.0,300.0
0.1979062099587121,0.11564021439237898,0.2631725510488045,0.98,8.0,300.0
0.2344740369942362,0.35209499943040556,0.35765112319697806,0.98,9.0,300.0
0.25039145335745333,0.9367296212387128,0.9669590676870482,0.98,10.0,300.0
0.24419054900722045,0.3464901153045665,0.3919170578295676,0.98,11.0,300.0
0.1725968878934109,2.577054037562545,2.655073348185465,0.98,12.0,300.0
0.2952040504364166,0.46584418785352766,0.5370967367699844,0.98,13.0,300.0
0.23492624475878102,0.2825569500302461,0.2962483108858332,0.98,14.0,300.0
0.14623721228879583,0.557947942745738,0.6818750267339083,0.98,15.0,300.0
0.2381155556541839,0.9329353252203109,1.05504219330917,0.98,16.0,300.0
0.1370954266653627,1.1879720396573112,1.2901323133905898,0.98,17.0,300.0
0.28369025080756494,0.24318576251077587,0.26723886991847623,0.98,18.0,300.0
0.19756050568644096,0.5791570910772789,0.6168717836865472,0.98,19.0,300.0
0.16277375921879353,0.34093586677627113,0.3896760298958702,0.98,20.0,300.0
0.2465662096466634,0.5456748470908559,0.6173047106847014,0.98,21.0,300.0
0.2631901290008544,0.2930298078546249,0.3392625200088793,0.98,22.0,300.0
0.23822501354697984,0.7765990956869638,0.7965834195704926,0.98,23.0,300.0
0.18400305027765948,0.6376284115451087,0.6951308347300776,0.98,24.0,300.0
0.1464091437816939,1.1516602301631387,1.1670224808899035,0.98,25.0,300.0
0.2585670544879043,0.9216238221187953,0.9681397139595623,0.98,26.0,300.0
0.09468554940803689,1.736615866210176,2.1006296273203593,0.98,27.0,300.0
0.2634248481067284,0.4588596508951743,0.4568465229757543,0.98,28.0,300.0
0.2077959110171168,0.1357027268401601,0.1747984884666896,0.98,29.0,300.0
0.1883716672061772,0.4219867763712736,0.42750806428976146,0.98,30.0,300.0
0.17125314369250708,0.1474077160009142,0.168968832530963,0.98,31.0,300.0
0.30680750921132605,0.24469837190375263,0.26823754490105706,0.98,32.0,300.0
0.20776950345288248,0.23001138805501997,0.2956310957983708,0.98,33.0,300.0
0.13097182185077175,1.4038703379903634,1.5568626671827002,0.98,34.0,300.0
0.16569316444333898,0.3907913017430282,0.43615102825278923,0.98,35.0,300.0
0.0476658775598804,0.3783736478604244,0.5679460650324172,0.98,36.0,300.0
0.17969791419976622,1.3014649998337864,1.2601791592402931,0.98,37.0,300.0
0.21904174247754404,0.3624858838667071,0.3899228883772523,0.98,38.0,300.0
0.21754001545487728,0.3416633770398712,0.3860038503682294,0.98,39.0,300.0
0.2672877527224449,0.23752537290495665,0.2529099139532294,0.98,40.0,300.0
0.21593089837876536,0.7706090074392941,0.7867192469463321,0.98,41.0,300.0
0.20235842743264237,0.14224562459657558,0.2467116631578997,0.98,42.0,300.0
0.16839794516755396,0.5850931866536194,0.6378721981407081,0.98,43.0,300.0
0.28517254734716524,0.5553181258715096,0.5915439734769966,0.98,44.0,300.0
0.20071731046980396,0.32563616650493193,0.4208920213878592,0.98,45.0,300.0
0.19525445702439181,0.2916297825849318,0.29393784868198714,0.98,46.0,300.0
0.2046951308743493,0.48804872921775067,0.4769317111134473,0.98,47.0,300.0
0.2364469626031713,0.8076231983521422,0.8447788765201795,0.98,48.0,300.0
0.15151651350458334,0.33253011652530784,0.3878282263960958,0.98,49.0,300.0
0.17458980782420336,0.3350499257558828,0.3379409048513489,0.98,50.0,300.0
0.2559268742565064,0.4446811110757651,0.4986052991231545,0.98,51.0,300.0
0.05049397955932239,1.2888294451940738,1.5368556621598595,0.98,52.0,300.0
0.2617820620332908,0.4436253814740794,0.4566711240848063,0.98,53.0,300.0
0.11601629360626141,0.3552984775710141,0.6324700019738269,0.98,54.0,300.0
0.209186396131571,0.17422207051684135,0.2448514422158255,0.98,55.0,300.0
0.26375713129562683,0.20983219584438073,0.21078108768141213,0.98,56.0,300.0
0.16976913768854732,0.3887601428493213,0.3942508665113256,0.98,57.0,300.0
0.12284750555833104,0.7888377921246343,0.8026934354203147,0.98,58.0,300.0
0.310505946074916,0.43128711179775264,0.4801007559801271,0.98,59.0,300.0
0.24207135809870747,0.9973222862742034,1.034088637785179,0.98,60.0,300.0
0.17698085389971036,0.5261693391311545,0.6735507928268666,0.98,61.0,300.0
0.2671633709575426,0.2788891908686935,0.2905547673086102,0.98,62.0,300.0
0.24884685945129026,0.37019600493149085,0.37523794536504484,0.98,63.0,300.0
0.20808810413643017,0.3687425112362159,0.4634025428498324,0.98,64.0,300.0
0.24894752353132601,0.2908509432009538,0.30375384162834074,0.98,65.0,300.0
0.12825312838583502,1.1571589969140939,1.1760662347435067,0.98,66.0,300.0
0.18337435612523018,0.16666909096487367,0.2172325712471143,0.98,67.0,300.0
0.1784069937964675,4.775337993159894,4.888147075212506,0.98,68.0,300.0
0.10397568301759377,0.3890570506503445,0.5775388519599681,0.98,69.0,300.0
0.13328422921480984,0.33773605162103115,0.3721332394203873,0.98,70.0,300.0
0.13824613261148413,1.0895131381971306,1.102180244944255,0.98,71.0,300.0
0.23602920240742534,0.26829274069474535,0.2851854854741482,0.98,72.0,300.0
0.1913659231980718,0.3070150027291602,0.4758923092637778,0.98,73.0,300.0
0.16641376309826264,1.1740313159388294,1.3394187837117393,0.98,74.0,300.0
0.35554468109174786,0.4928427330893608,0.4976893013257565,0.98,75.0,300.0
0.2081978431344336,0.41022635678324104,0.5223667493812774,0.98,76.0,300.0
0.16571950803379235,0.41069455532960414,0.4630403878411371,0.98,77.0,300.0
0.29734052783519876,0.2631694752269364,0.31341172490556946,0.98,78.0,300.0
0.16789358470733712,0.2021102094262918,0.3404430621505939,0.98,79.0,300.0
0.25494253739527023,0.3653126124560783,0.3792396674078103,0.98,80.0,300.0
0.11907350127805906,0.7362308347804046,0.7970441940486891,0.98,81.0,300.0
0.32589202794196415,0.30427992844673446,0.330087278641718,0.98,82.0,300.0
0.18411340209901103,0.35993059501725033,0.40134017418899404,0.98,83.0,300.0
0.22341220884924617,1.0127438086779106,1.0295499153212349,0.98,84.0,300.0
0.11337191912922111,0.40754966569755463,0.4789667195441382,0.98,85.0,300.0
0.3670939446029872,1.8100699447447277,1.816911013529549,0.98,86.0,300.0
0.14997893251730646,0.5549073311792266,0.5666863166165045,0.98,87.0,300.0
0.26447784518975154,1.7654290062476332,1.937287261733241,0.98,88.0,300.0
0.26102582185835527,1.0608951148409793,1.074005800324628,0.98,89.0,300.0
0.18179541352614684,0.369261483989684,0.3733625489480325,0.98,90.0,300.0
0.27890078263517337,0.2465332965473247,0.3098457014697955,0.98,91.0,300.0
0.17914619053318853,0.3519125659702834,0.39236220485800904,0.98,92.0,300.0
0.23197539225402994,0.1870747102807623,0.22146657475720008,0.98,93.0,300.0
0.2714125772417196,0.9935674976708578,1.0091022555488998,0.98,94.0,300.0
0.16178180591164312,0.1285531417482872,0.15747550654824002,0.98,95.0,300.0
0.15366545794513756,0.4936986425812077,0.5741921192236428,0.98,96.0,300.0
0.16127585760486962,1.1466336891446962,1.1913784034843946,0.98,97.0,300.0
0.42229419274935404,0.43088110041600286,0.4383486315691405,0.98,98.0,300.0
0.23911140700107994,1.056098704311834,1.0696375367964635,0.98,99.0,300.0
0.13386404151898476,1.7264309442484254,1.8747176456056571,0.98,100.0,300.0
