depnmse,indepnmse,sampcovnmse,nobs,run,arval
0.06657037696845293,0.05995594764441541,0.11415970681052087,100.0,1.0,0.0
0.09876741143534068,0.10008600104141949,0.13357658622366844,100.0,2.0,0.0
0.09664342297501974,0.07603281362959542,0.12712384573651883,100.0,3.0,0.0
0.0625437260144413,0.052202151640927695,0.13747313762735752,100.0,4.0,0.0
0.07037978625400063,0.057498399953141745,0.10802615293895416,100.0,5.0,0.0
0.0844090824763492,0.06316572881058229,0.10906422491830782,100.0,6.0,0.0
0.04149913434597882,0.027640229676786452,0.06955545920147745,100.0,7.0,0.0
0.07818650058583872,0.07917249180347712,0.12951410429520063,100.0,8.0,0.0
0.11495244848127834,0.09603641086758442,0.13194192864902485,100.0,9.0,0.0
0.057512787017874434,0.05819120106653455,0.1313294850285226,100.0,10.0,0.0
0.04734304770121969,0.05058511048611931,0.09548855640519427,100.0,11.0,0.0
0.04747831623622764,0.0450946245584695,0.08862623827010573,100.0,12.0,0.0
0.060622377627412856,0.07024412593947676,0.10992311690611341,100.0,13.0,0.0
0.05012671796488214,0.04023957123109569,0.08213525257238391,100.0,14.0,0.0
0.0911274020535338,0.07026295415526373,0.11777719759877167,100.0,15.0,0.0
0.06725579139898683,0.05827420923328416,0.13834633748133013,100.0,16.0,0.0
0.05329804176176541,0.05569359188984264,0.10399996409701791,100.0,17.0,0.0
0.065289020332169,0.09725809150854464,0.14572779064733735,100.0,18.0,0.0
0.0452617006691493,0.03785383663949542,0.08134702750772639,100.0,19.0,0.0
0.05969829860307183,0.0579473102384018,0.10193570154426775,100.0,20.0,0.0
0.0512566277177462,0.04230022446397589,0.09739198943137567,100.0,21.0,0.0
0.07195161461984917,0.10098286183268644,0.1165047813613594,100.0,22.0,0.0
0.0647729694999078,0.05778869265938482,0.1050340924991803,100.0,23.0,0.0
0.06708760185234638,0.08709197928133391,0.1321581180194671,100.0,24.0,0.0
0.12159217945153823,0.1015158808377808,0.14924259748884924,100.0,25.0,0.0
0.0661181316886842,0.06364966868094357,0.11343387121794223,100.0,26.0,0.0
0.03990138023342458,0.03205667135257713,0.09319118711744408,100.0,27.0,0.0
0.05556020095531966,0.05237874766567749,0.12574418944593407,100.0,28.0,0.0
0.08004932085942458,0.050307223662436736,0.0888240343243683,100.0,29.0,0.0
0.061013263837401785,0.03130444438666838,0.06284148889354246,100.0,30.0,0.0
0.05074710720140137,0.04037085950338479,0.11736900484911314,100.0,31.0,0.0
0.048157417218450335,0.05743650230744604,0.09931095294087784,100.0,32.0,0.0
0.096957006450395,0.05816954103573518,0.11085071966282156,100.0,33.0,0.0
0.059555616587951464,0.05525216161244959,0.09331913910052843,100.0,34.0,0.0
0.06467272303091307,0.05295935569927763,0.1202242081899516,100.0,35.0,0.0
0.056353545421220494,0.0396699360140488,0.09076342563698601,100.0,36.0,0.0
0.06791431475132172,0.057015552583580244,0.11712160057912054,100.0,37.0,0.0
0.0617289182878107,0.05292108675889235,0.09825404089159288,100.0,38.0,0.0
0.15125761481109734,0.1245880585965546,0.14386634965302983,100.0,39.0,0.0
0.04946037892628786,0.051889310569257295,0.08524440397351962,100.0,40.0,0.0
0.07647800448123876,0.05227547821766065,0.10556300382780061,100.0,41.0,0.0
0.11285815367442506,0.0793329792339487,0.09339397054332844,100.0,42.0,0.0
0.034155354051482234,0.030357906889791574,0.10952091028811914,100.0,43.0,0.0
0.06094257417426554,0.042085542695154604,0.08284779136539387,100.0,44.0,0.0
0.09286735963979717,0.06081714787369886,0.1194124498714658,100.0,45.0,0.0
0.06323454557801064,0.06071046177850768,0.11327526281221253,100.0,46.0,0.0
0.14330210981380845,0.0939891685053445,0.14754542612030336,100.0,47.0,0.0
0.06625203865005715,0.06831261005715121,0.11761719671457131,100.0,48.0,0.0
0.0450516695375072,0.05380011954364455,0.09941531645957483,100.0,49.0,0.0
0.08517458036655337,0.06454575196451691,0.10318883142975598,100.0,50.0,0.0
0.07510676181804568,0.04577120221838303,0.14613602779412904,100.0,51.0,0.0
0.06361119373503803,0.04888013226950979,0.10768045742543136,100.0,52.0,0.0
0.07479623577687249,0.04632553743457984,0.09134082526130344,100.0,53.0,0.0
0.07108779716434699,0.055829747420787904,0.10293399783587134,100.0,54.0,0.0
0.04657181293345102,0.05876233028002262,0.10685373586501541,100.0,55.0,0.0
0.0785133316365625,0.07984627815241774,0.12151961689968153,100.0,56.0,0.0
0.102022125373759,0.08104466044958336,0.12501290210920843,100.0,57.0,0.0
0.07932301546822895,0.08810255187883399,0.1046389823931415,100.0,58.0,0.0
0.06989067193443478,0.06617304021886887,0.12897935519374631,100.0,59.0,0.0
0.05919977203060917,0.05451424097888707,0.10561832670418186,100.0,60.0,0.0
0.06991993755466515,0.06420997111014229,0.13036490791996783,100.0,61.0,0.0
0.05429862989988813,0.03867969888101949,0.10354304615107948,100.0,62.0,0.0
0.04461478768163759,0.04480105604570964,0.08466497910651355,100.0,63.0,0.0
0.04869210507617709,0.04124383849157124,0.07512469774441331,100.0,64.0,0.0
0.07870871339078757,0.06637709669923333,0.12321904894182241,100.0,65.0,0.0
0.04752386195255421,0.04220011707654517,0.09317736366902839,100.0,66.0,0.0
0.07365523851791796,0.05710135745219574,0.14051520900737646,100.0,67.0,0.0
0.12917059507507142,0.10929268621229775,0.16195474224285572,100.0,68.0,0.0
0.06530800499165985,0.05413703659661511,0.10060305347843759,100.0,69.0,0.0
0.05485460926623409,0.08109584196835769,0.11417369995752812,100.0,70.0,0.0
0.06256264629017096,0.04118890252415763,0.0961833772191299,100.0,71.0,0.0
0.0702082808160403,0.10709724674342917,0.13581556732153205,100.0,72.0,0.0
0.08736640173717578,0.07330972057345021,0.12141058529366779,100.0,73.0,0.0
0.04094983334501359,0.040273490055848564,0.08723016217078712,100.0,74.0,0.0
0.09032373829299249,0.08353684739703966,0.16023526213998399,100.0,75.0,0.0
0.05349984466876561,0.05097379486729742,0.12454071193209577,100.0,76.0,0.0
0.0809333129210395,0.10616223455238562,0.1351395841540146,100.0,77.0,0.0
0.05868498545681757,0.06004579599009145,0.09132260642825729,100.0,78.0,0.0
0.05077077833132853,0.0368453476211679,0.07458331830498792,100.0,79.0,0.0
0.057860730866887894,0.06415592942954039,0.10895365075002744,100.0,80.0,0.0
0.060720849887148105,0.052582352197892944,0.10958561898806551,100.0,81.0,0.0
0.050311654616270095,0.05288737399238915,0.10482764096555272,100.0,82.0,0.0
0.05388222169801967,0.05362665194007973,0.09913751000322492,100.0,83.0,0.0
0.06387228790248478,0.05468152168527435,0.09767466134994797,100.0,84.0,0.0
0.041114699770021045,0.03887173744390698,0.10487057568472745,100.0,85.0,0.0
0.10657096683725549,0.09931480856475063,0.1068251744810799,100.0,86.0,0.0
0.07672420911627958,0.06465094113426989,0.08647858547605208,100.0,87.0,0.0
0.041642470774480425,0.042749982977393124,0.10054882548320013,100.0,88.0,0.0
0.10296780163755002,0.05627867052523182,0.11731319137728934,100.0,89.0,0.0
0.058901630222883944,0.047614499645239054,0.09013576845275799,100.0,90.0,0.0
0.05405658328684887,0.05555749269551982,0.11201811017261666,100.0,91.0,0.0
0.09893552611419773,0.08724476793824332,0.14812900916767435,100.0,92.0,0.0
0.09330814207869738,0.07163754062799688,0.10762124794608287,100.0,93.0,0.0
0.06910561245046015,0.06172645005765707,0.10286146462084654,100.0,94.0,0.0
0.04167652730546887,0.044315857256153855,0.08848979809647613,100.0,95.0,0.0
0.08058531622849957,0.06620788520599484,0.10627106727143097,100.0,96.0,0.0
0.06572047468596885,0.06084919744503154,0.10258257921661089,100.0,97.0,0.0
0.06423430972912589,0.05624579435075893,0.08748451113029163,100.0,98.0,0.0
0.064674598586513,0.056747297216945686,0.1090971675747849,100.0,99.0,0.0
0.04717238904900512,0.038788911557624435,0.08294996272227238,100.0,100.0,0.0
0.026844890132854026,0.02519249478883155,0.06515202952510642,200.0,1.0,0.0
0.039184605897825,0.023408801472333266,0.04590520409642226,200.0,2.0,0.0
0.02193234145868105,0.022248538486750704,0.05074149385517523,200.0,3.0,0.0
0.03444200560991777,0.03908485966768441,0.07485325429111635,200.0,4.0,0.0
0.0469964618656742,0.038095018429626766,0.08326846170814833,200.0,5.0,0.0
0.02514815669077439,0.025791242613327228,0.04681700966133006,200.0,6.0,0.0
0.07024733264113142,0.017264471264056756,0.046286139385385616,200.0,7.0,0.0
0.025634903017751516,0.04901711038589971,0.04452785741607493,200.0,8.0,0.0
0.0376184089263881,0.03236280082504477,0.059107451343132014,200.0,9.0,0.0
0.028101361466711543,0.0281105232201262,0.04810485766756493,200.0,10.0,0.0
0.030158375287855848,0.02768769029455725,0.05170935015509775,200.0,11.0,0.0
0.022485533336358794,0.020779958832864664,0.05984451256168768,200.0,12.0,0.0
0.033450334776563694,0.02904281025144331,0.06445343863850778,200.0,13.0,0.0
0.028582635911190563,0.025524445137016558,0.04636444132088746,200.0,14.0,0.0
0.04295426402823514,0.04279587812410155,0.06441110536327883,200.0,15.0,0.0
0.04287859964995387,0.03938670370887944,0.07621029954624065,200.0,16.0,0.0
0.04605599916414868,0.055273501762450966,0.06725845225142758,200.0,17.0,0.0
0.03917949170320348,0.03737487846752224,0.0631013538801326,200.0,18.0,0.0
0.047184084553762974,0.04631755521119527,0.07638810451293213,200.0,19.0,0.0
0.06733942040066326,0.06059261957224446,0.08009063290212994,200.0,20.0,0.0
0.052782041766272665,0.02847845952739086,0.05056015141858638,200.0,21.0,0.0
0.048238689035908805,0.04379127471914565,0.07295388187981548,200.0,22.0,0.0
0.03453492122639698,0.033378459852676755,0.0571506106468993,200.0,23.0,0.0
0.04345271899721863,0.04600081294095497,0.06544316924002047,200.0,24.0,0.0
0.031151754854648977,0.029511627435973957,0.050624333189649574,200.0,25.0,0.0
0.033236568084642676,0.031495880990489056,0.055744553410581946,200.0,26.0,0.0
0.026246753055668707,0.025479646928429606,0.06909853721180508,200.0,27.0,0.0
0.0417655634288282,0.06842228352314424,0.07680176019202044,200.0,28.0,0.0
0.025810989704575304,0.0382827713962011,0.04900132328055235,200.0,29.0,0.0
0.029093620470224804,0.028673884978110523,0.046436027140877544,200.0,30.0,0.0
0.022219413908464918,0.02213575059444562,0.045292463210655005,200.0,31.0,0.0
0.04573428067147466,0.04158394656842251,0.07300884131196975,200.0,32.0,0.0
0.04583068466209208,0.039797791524115236,0.06569967281927513,200.0,33.0,0.0
0.03162174767987541,0.03034864478688708,0.04898807175570865,200.0,34.0,0.0
0.035230433177195465,0.03115722661983707,0.05457260840528088,200.0,35.0,0.0
0.028036107172523514,0.041506786329397104,0.04916468185433754,200.0,36.0,0.0
0.06121222188259397,0.0656078140855721,0.09435980248237479,200.0,37.0,0.0
0.045889863348913734,0.029729758056767794,0.05249706909847301,200.0,38.0,0.0
0.017823360077503285,0.017184507899307075,0.04664193412775257,200.0,39.0,0.0
0.026226353296065475,0.023603228924682126,0.04691367833526211,200.0,40.0,0.0
0.020667238967692268,0.01957135972563099,0.040236918326056664,200.0,41.0,0.0
0.05674989645456767,0.057298054017903145,0.10431793590535465,200.0,42.0,0.0
0.023421743582398527,0.02191284667883876,0.04584171067093682,200.0,43.0,0.0
0.044585354652774016,0.04099071451473865,0.06433679537329992,200.0,44.0,0.0
0.027547501982045735,0.024924931623208916,0.04003347079755176,200.0,45.0,0.0
0.03101285009313241,0.03116753955019846,0.05611750184445717,200.0,46.0,0.0
0.03635003693713094,0.0355565623594682,0.06582470887773456,200.0,47.0,0.0
0.021520428965721216,0.04239151415462107,0.05039383179783952,200.0,48.0,0.0
0.03006527120228682,0.027217848757516067,0.0514570721578827,200.0,49.0,0.0
0.01818866900853624,0.01860051783152853,0.04309848326807985,200.0,50.0,0.0
0.024638570158160577,0.02356084541185104,0.056556453444222346,200.0,51.0,0.0
0.03896946698697736,0.043699535782808205,0.0588014281685596,200.0,52.0,0.0
0.024961998050483873,0.02036572948474235,0.045259051494594964,200.0,53.0,0.0
0.029245921114238828,0.02635066325299365,0.04562866049434262,200.0,54.0,0.0
0.03478328286267544,0.03320670782289119,0.06384598277521471,200.0,55.0,0.0
0.03274716151791689,0.04723923204933455,0.04727363700119152,200.0,56.0,0.0
0.03786553103079716,0.03574494484502931,0.08754890051125543,200.0,57.0,0.0
0.029043939738000298,0.03340948585480811,0.060996872671556464,200.0,58.0,0.0
0.037033756675691254,0.037884784511478815,0.07376080509550917,200.0,59.0,0.0
0.022870050229219244,0.024927810602324182,0.04524039804544831,200.0,60.0,0.0
0.04231003053108984,0.04093714860963772,0.06799093682515474,200.0,61.0,0.0
0.023753716879568777,0.023504593012455045,0.04376770696952807,200.0,62.0,0.0
0.07618562390362786,0.052716095344357145,0.07402081188880193,200.0,63.0,0.0
0.031074569018238133,0.04092583801127303,0.06670119468264911,200.0,64.0,0.0
0.04250165630119712,0.03955026961279491,0.06726023743555215,200.0,65.0,0.0
0.01335179770053467,0.014391386112312346,0.04019750237055522,200.0,66.0,0.0
0.05369377507737031,0.03713742622278552,0.062014405702190245,200.0,67.0,0.0
0.024387426995743703,0.018178330641993597,0.04947721397808833,200.0,68.0,0.0
0.025847973015321494,0.023826311004947486,0.05442192577211994,200.0,69.0,0.0
0.02953947574427597,0.028561849831084327,0.05418643678229575,200.0,70.0,0.0
0.04737996772987078,0.04332027946015006,0.07480146037921767,200.0,71.0,0.0
0.0330295060124509,0.032122533371262224,0.05708073408569148,200.0,72.0,0.0
0.05160691023788065,0.05193190541386998,0.07986199771840492,200.0,73.0,0.0
0.021935260620655525,0.021024062034507532,0.053240299881748845,200.0,74.0,0.0
0.040553490441866395,0.06603615116393788,0.07915353072916395,200.0,75.0,0.0
0.02927664464449057,0.026415806640589224,0.09519333450198052,200.0,76.0,0.0
0.034725722141105864,0.0365411931799953,0.056681084044385106,200.0,77.0,0.0
0.02875991906484189,0.04162691684912539,0.05164171937172185,200.0,78.0,0.0
0.027361535606297196,0.023473844319247924,0.050388293298598945,200.0,79.0,0.0
0.03250004066412496,0.029981521993014675,0.06254262353243151,200.0,80.0,0.0
0.018806505399683694,0.017112489911582422,0.03544065658703568,200.0,81.0,0.0
0.044480814613520124,0.04008389384212062,0.06598337479749185,200.0,82.0,0.0
0.01785819819633023,0.016707205959040145,0.03569740877545838,200.0,83.0,0.0
0.01904769050071589,0.01793649943565063,0.03549553061905568,200.0,84.0,0.0
0.023795374811530108,0.024554721799549147,0.04959629486960765,200.0,85.0,0.0
0.02079302144563613,0.01934796762480565,0.05294235537501254,200.0,86.0,0.0
0.030043682728694367,0.026371886090077304,0.05293466074820918,200.0,87.0,0.0
0.024096607427422728,0.02357076393390573,0.045723455803334784,200.0,88.0,0.0
0.021595382962983016,0.02236174822566028,0.06842274381604575,200.0,89.0,0.0
0.03361477252128913,0.018279676609308734,0.03977495513671118,200.0,90.0,0.0
0.026865842309957772,0.04416203138163549,0.0459871595590603,200.0,91.0,0.0
0.042367073301423294,0.04174341414317133,0.06000797874803307,200.0,92.0,0.0
0.052110464876700395,0.025273760684027285,0.04906800165465539,200.0,93.0,0.0
0.032876047428502746,0.03321092915457183,0.07928119804499076,200.0,94.0,0.0
0.014922261926531571,0.014913924966208553,0.034503424869648344,200.0,95.0,0.0
0.030593254441621483,0.02807514636585338,0.056870313640041095,200.0,96.0,0.0
0.04761742563168069,0.04289905600968674,0.08553971012369987,200.0,97.0,0.0
0.045627842749767604,0.0453329715087961,0.06882046330081969,200.0,98.0,0.0
0.04222115983029171,0.040109307567462144,0.06357072773342035,200.0,99.0,0.0
0.02127268221159274,0.01898468206443964,0.04585762110855042,200.0,100.0,0.0
0.033276875323396994,0.029404408438314274,0.051196139614331934,300.0,1.0,0.0
0.0386219558732883,0.03669954993992312,0.03400790724985501,300.0,2.0,0.0
0.023028933115805374,0.04015792679822745,0.046440947800188065,300.0,3.0,0.0
0.017500112490442584,0.01760993516494183,0.04304950337298005,300.0,4.0,0.0
0.007356883010414394,0.007111668972824518,0.03359945135955593,300.0,5.0,0.0
0.019379194509314083,0.019093274480539817,0.03368473744525963,300.0,6.0,0.0
0.018683856688023477,0.019370086317407293,0.04119417758673364,300.0,7.0,0.0
0.023652447890076488,0.03896484519831863,0.03538124011658248,300.0,8.0,0.0
0.02199450441375308,0.017619180212681784,0.03911012263085825,300.0,9.0,0.0
0.0210736164350321,0.023417006012000623,0.04824946738720475,300.0,10.0,0.0
0.013925395718570613,0.014273046370487034,0.03783901082975701,300.0,11.0,0.0
0.03811402374726081,0.038132150241635326,0.054226023313423216,300.0,12.0,0.0
0.026124373526075797,0.02592729613405437,0.055569554797770766,300.0,13.0,0.0
0.02940620946504894,0.01015797517409883,0.030802136042145035,300.0,14.0,0.0
0.0218715673158388,0.019901286103948892,0.035822636668671894,300.0,15.0,0.0
0.01988716699990026,0.017890516872920953,0.04426358581029196,300.0,16.0,0.0
0.020386511634026577,0.02051258384359627,0.04808061475091237,300.0,17.0,0.0
0.012885129492648513,0.0320861376112096,0.036182152966295664,300.0,18.0,0.0
0.01564819705855911,0.014627207614567638,0.03484904711759504,300.0,19.0,0.0
0.06147464634649394,0.015691449956592163,0.031512397128393564,300.0,20.0,0.0
0.015227134094432108,0.015834323664708314,0.03770569029836437,300.0,21.0,0.0
0.02463580144954132,0.02482690464288765,0.04026288740714015,300.0,22.0,0.0
0.016160766766410553,0.015926791524757247,0.03391832934949949,300.0,23.0,0.0
0.023910375311799844,0.022877504956334838,0.028498061289346923,300.0,24.0,0.0
0.020114089211405763,0.02034976854312702,0.03595473169870859,300.0,25.0,0.0
0.02180189892161856,0.021328798700054254,0.04018537422039697,300.0,26.0,0.0
0.01717463056407214,0.03221186139912882,0.031550135592678524,300.0,27.0,0.0
0.011309757298391352,0.01211275515788638,0.026375780945130295,300.0,28.0,0.0
0.018866319609573443,0.02069315166933902,0.04574927834664051,300.0,29.0,0.0
0.01590271948778562,0.014918032232209414,0.03542974721491795,300.0,30.0,0.0
0.019421847755185715,0.015484195231820257,0.032439594947916824,300.0,31.0,0.0
0.016708351422455723,0.018402043913961788,0.03101060889059058,300.0,32.0,0.0
0.0395275101843292,0.012013425439948842,0.027228775701153632,300.0,33.0,0.0
0.017836888279023407,0.017943913497581777,0.03136382214487196,300.0,34.0,0.0
0.016421937402056948,0.017669794172418703,0.035327907629177535,300.0,35.0,0.0
0.022176697777425963,0.020289199006479675,0.03517248769165399,300.0,36.0,0.0
0.019012764072274393,0.0353266262108315,0.03621386172006393,300.0,37.0,0.0
0.01828095569536598,0.018054896693566243,0.03660763979068511,300.0,38.0,0.0
0.016749322318719,0.01966874215669335,0.04201959541405226,300.0,39.0,0.0
0.017635930701467458,0.015114117363200476,0.03679318873067202,300.0,40.0,0.0
0.011290485165773603,0.010713368882534213,0.03841556617656557,300.0,41.0,0.0
0.03176599182879284,0.030845035560484287,0.05462419644382495,300.0,42.0,0.0
0.016381786140883765,0.029706820978433378,0.03671731916535886,300.0,43.0,0.0
0.021493363408804735,0.03708173069493487,0.03730934330017847,300.0,44.0,0.0
0.02054179997582838,0.02143516760175425,0.03848923566293484,300.0,45.0,0.0
0.02079428383568015,0.021536377467264334,0.045742644176608616,300.0,46.0,0.0
0.017131546845044386,0.04576955309598619,0.03829315910288943,300.0,47.0,0.0
0.021899146433963408,0.022972096515971915,0.0347255215409706,300.0,48.0,0.0
0.015366349870352708,0.015616243086031035,0.036836682200533946,300.0,49.0,0.0
0.02294471823921435,0.020890058869741674,0.03922687248904879,300.0,50.0,0.0
0.02048012963037396,0.020697701708808233,0.03284239843239251,300.0,51.0,0.0
0.012219394824769882,0.012502095431709312,0.03211996184486783,300.0,52.0,0.0
0.021793220370761812,0.021546656538207646,0.03914530309005028,300.0,53.0,0.0
0.012636327854875522,0.01346582374518044,0.029121863609272578,300.0,54.0,0.0
0.015662900283658278,0.03771902011421922,0.03647718284347924,300.0,55.0,0.0
0.01007044401350424,0.05002987526372424,0.03383555039131536,300.0,56.0,0.0
0.008841087912450054,0.008701166534045542,0.02073572325646341,300.0,57.0,0.0
0.016720894140811446,0.01707077568076118,0.044082865559580076,300.0,58.0,0.0
0.021127858252734187,0.02073450921278615,0.036248137534676046,300.0,59.0,0.0
0.020268876500850023,0.01864590109578708,0.04743244196927933,300.0,60.0,0.0
0.0244817509925718,0.023329792541310262,0.051341794604003156,300.0,61.0,0.0
0.019373261291254492,0.018171439838658182,0.04470905857158392,300.0,62.0,0.0
0.018945426265265335,0.01893179002455573,0.03490377382299984,300.0,63.0,0.0
0.02445010859748384,0.023913843138305725,0.04002796170702743,300.0,64.0,0.0
0.012247744401008835,0.012698206957113248,0.03138252109018587,300.0,65.0,0.0
0.016364640591796768,0.01590925438371728,0.03853902152018646,300.0,66.0,0.0
0.018536657253168096,0.020628263524398723,0.036115698059887444,300.0,67.0,0.0
0.02266707042746765,0.02196019608144644,0.04040212513744682,300.0,68.0,0.0
0.010918842315496165,0.01026463684787813,0.0368273590720523,300.0,69.0,0.0
0.03183542277113231,0.02141757460614191,0.039433058036144296,300.0,70.0,0.0
0.02818053741602016,0.044493700048671946,0.05632609920428329,300.0,71.0,0.0
0.011209030857737438,0.01171393064877608,0.027791860808192397,300.0,72.0,0.0
0.16322465511051998,0.03363982400565948,0.037246541054664586,300.0,73.0,0.0
0.018898964279705728,0.01793909104432878,0.03689374728862485,300.0,74.0,0.0
0.03468096404542105,0.033540324424050146,0.04956091989426788,300.0,75.0,0.0
0.037664946534057615,0.055276900859413815,0.060825398236459584,300.0,76.0,0.0
0.020988023785957665,0.019150852681899817,0.03750730752768739,300.0,77.0,0.0
0.018997385780089002,0.018723148092447926,0.03271335626057055,300.0,78.0,0.0
0.025203985568517596,0.026854791952993545,0.054271026692619004,300.0,79.0,0.0
0.012249431273321927,0.01764456864597016,0.027980000198138937,300.0,80.0,0.0
0.01136197784561178,0.010235982331206627,0.01953459960781248,300.0,81.0,0.0
0.0152654608160079,0.048767996564329154,0.04735540587393802,300.0,82.0,0.0
0.024904833748133074,0.024705126408897864,0.061038739168924924,300.0,83.0,0.0
0.012682398834778341,0.021400895150334543,0.03516024428122745,300.0,84.0,0.0
0.01434387006484955,0.012616677515512039,0.030070376371064005,300.0,85.0,0.0
0.015572513180139042,0.015625780529928166,0.03891745896302793,300.0,86.0,0.0
0.013374409147740208,0.014170735926112782,0.033622311504544374,300.0,87.0,0.0
0.01707136754205052,0.013842830169018933,0.027994135923090677,300.0,88.0,0.0
0.015517857354376496,0.014486327842746283,0.04402270628338279,300.0,89.0,0.0
0.021278323828548586,0.02287757240077083,0.042817843911704255,300.0,90.0,0.0
0.013393880361211918,0.012132638629398026,0.028846259153663383,300.0,91.0,0.0
0.02457030729142441,0.02225335903237072,0.0413247347505717,300.0,92.0,0.0
0.030961385770436025,0.0877378494072221,0.050921384877175915,300.0,93.0,0.0
0.019089088356174084,0.01704352002711225,0.03421150355431029,300.0,94.0,0.0
0.015176104744890251,0.013744947301490855,0.026018217457340363,300.0,95.0,0.0
0.01805123885162136,0.01841821070872621,0.03964338939478399,300.0,96.0,0.0
0.021258095354231763,0.021929825151708167,0.035307572499980976,300.0,97.0,0.0
0.029322820117512055,0.04451272966152328,0.05038345540013495,300.0,98.0,0.0
0.010651853101461023,0.012013885429929247,0.03422665299677045,300.0,99.0,0.0
0.012781653360003316,0.011730833705528722,0.03515510012504074,300.0,100.0,0.0
0.015876117744778036,0.013865983595919847,0.029440575523318604,400.0,1.0,0.0
0.009154238502616487,0.009076271067819436,0.02205700883857556,400.0,2.0,0.0
0.01033906269706625,0.010326972720277786,0.02311995514914938,400.0,3.0,0.0
0.018740484089851593,0.01881745869342858,0.03159907758438592,400.0,4.0,0.0
0.01097144349188655,0.010420750606716074,0.02440339806290523,400.0,5.0,0.0
0.017845771136516045,0.017439267723262812,0.030084978736204637,400.0,6.0,0.0
0.009461938898276017,0.009890884640230314,0.021136513474060294,400.0,7.0,0.0
0.019107203667703226,0.019334648983877756,0.040831839816353695,400.0,8.0,0.0
0.010767947914554852,0.023608786972712802,0.0230524689654478,400.0,9.0,0.0
0.020954979361275362,0.022181774623763053,0.03952258521252912,400.0,10.0,0.0
0.02229189286149752,0.02066776731585545,0.03002441660799821,400.0,11.0,0.0
0.008640698138639586,0.00896353961109799,0.01862821188096023,400.0,12.0,0.0
0.008659192915217384,0.007635660145226613,0.019308542803316196,400.0,13.0,0.0
0.010922518520211193,0.010773009581084712,0.024172756858814374,400.0,14.0,0.0
0.019330295392077413,0.01863286787744874,0.03264608415557625,400.0,15.0,0.0
0.012585539039058003,0.012248004049258418,0.02356130024340959,400.0,16.0,0.0
0.011281365322915177,0.012862437849746965,0.025070950527260157,400.0,17.0,0.0
0.009302049071639956,0.02528501773714461,0.020200901335533813,400.0,18.0,0.0
0.011537733981752571,0.028360551951712346,0.02592247924972485,400.0,19.0,0.0
0.011367734503280349,0.011471513173980468,0.02095589328686064,400.0,20.0,0.0
0.021684724961932182,0.022120160971499814,0.03115560232916591,400.0,21.0,0.0
0.027291280688437756,0.027592471899766245,0.04263169046754878,400.0,22.0,0.0
0.014250216273125867,0.015377793664270254,0.02905656882207461,400.0,23.0,0.0
0.014138426840805582,0.013851818521292329,0.03484372842546899,400.0,24.0,0.0
0.017617182455829248,0.023679440467248458,0.028516762530687564,400.0,25.0,0.0
0.01321890711218157,0.013841950219473341,0.026393450720459996,400.0,26.0,0.0
0.010672823003948511,0.017736446014268756,0.018764902997020837,400.0,27.0,0.0
0.011837037961169875,0.011589451082705798,0.02005364901250702,400.0,28.0,0.0
0.011538181432507327,0.010167105561486148,0.02482175967688613,400.0,29.0,0.0
0.01310271864820323,0.012415817839064355,0.033748924812270216,400.0,30.0,0.0
0.012438119784523733,0.011939301863181453,0.029359057269871817,400.0,31.0,0.0
0.010724184515263814,0.010516445126249468,0.024454872700306152,400.0,32.0,0.0
0.01624608389505703,0.01682134810257152,0.029164888254035022,400.0,33.0,0.0
0.015951889568850613,0.022168702478991213,0.029515261674633197,400.0,34.0,0.0
0.01705187625507032,0.01640802906380374,0.02746241607327688,400.0,35.0,0.0
0.008049146991239755,0.007899528427180749,0.020563804852356794,400.0,36.0,0.0
0.009926151523764325,0.009371052706575548,0.021002498422319424,400.0,37.0,0.0
0.020455414298280194,0.019938571930991588,0.03172657452673474,400.0,38.0,0.0
0.014156939490063119,0.014138079152423207,0.026542187022264546,400.0,39.0,0.0
0.010020284896421231,0.010248728787909788,0.030300080765589727,400.0,40.0,0.0
0.011091601794660134,0.010825399249043802,0.028137382299999056,400.0,41.0,0.0
0.005414469636276809,0.020094792323404994,0.018664481115816464,400.0,42.0,0.0
0.012764584712513575,0.013378014064713355,0.03720678238580761,400.0,43.0,0.0
0.01584601900166163,0.015313544913262974,0.028520345981870282,400.0,44.0,0.0
0.00777452683198301,0.024495454361536866,0.015902172459531468,400.0,45.0,0.0
0.013466539078531323,0.013314885361441629,0.027582217908116685,400.0,46.0,0.0
0.014598336630524938,0.013893032464754283,0.025398956057734273,400.0,47.0,0.0
0.009116117107065657,0.008907235241422904,0.018768522300861738,400.0,48.0,0.0
0.010296586290027216,0.008416661701405067,0.018464146973217088,400.0,49.0,0.0
0.011668761317231876,0.011466101371420309,0.028761469132856748,400.0,50.0,0.0
0.010902210027899883,0.011455778620318564,0.028279718542062834,400.0,51.0,0.0
0.012691521651280402,0.012705262986090492,0.02627134792928777,400.0,52.0,0.0
0.026824201834537324,0.026826203098246643,0.03660599268793492,400.0,53.0,0.0
0.008804713765042858,0.008894049768642562,0.029062960889720955,400.0,54.0,0.0
0.018417209185103423,0.017982687328816624,0.03385005708570126,400.0,55.0,0.0
0.009629194950508835,0.009885834353398413,0.022085276112730416,400.0,56.0,0.0
0.011560274731518723,0.011104598341084137,0.02737965188077879,400.0,57.0,0.0
0.011893309935815001,0.012614343081965596,0.02711196837545032,400.0,58.0,0.0
0.011687305504888968,0.010519328331806225,0.03718353585259678,400.0,59.0,0.0
0.018078549634124197,0.018198295465656076,0.026665822529764342,400.0,60.0,0.0
0.01085198320258323,0.010030335295768612,0.024332404558772176,400.0,61.0,0.0
0.025586213658639872,0.025397670919776412,0.038123806165395444,400.0,62.0,0.0
0.01307031930003063,0.013292210993534741,0.027892868570260132,400.0,63.0,0.0
0.02167683126753836,0.02031518341277759,0.03179405198575331,400.0,64.0,0.0
0.009081740653515063,0.009080473037072592,0.027887843267407928,400.0,65.0,0.0
0.008189015682859537,0.02290038146804824,0.02001054198119369,400.0,66.0,0.0
0.01093868791140614,0.01055899088732786,0.02278643993331226,400.0,67.0,0.0
0.012900600398182065,0.013595447385554989,0.02383673754531002,400.0,68.0,0.0
0.011550759425178714,0.011646744197351934,0.02318357362839619,400.0,69.0,0.0
0.011464953417389396,0.0115508630830024,0.025395340488210606,400.0,70.0,0.0
0.01699079477496992,0.015191614966105162,0.02537482070827052,400.0,71.0,0.0
0.03813143960946993,0.026107768617671813,0.03399690563598239,400.0,72.0,0.0
0.01127910579088726,0.011979033927027944,0.02180317473323919,400.0,73.0,0.0
0.011080065765811156,0.01139222091126781,0.02275654721200632,400.0,74.0,0.0
0.015099843471866587,0.015933274880667654,0.027339734592120513,400.0,75.0,0.0
0.012115539133525264,0.012656564356901963,0.03240419371990525,400.0,76.0,0.0
0.016935894323873144,0.02317665724544666,0.03043380808164299,400.0,77.0,0.0
0.013444934999330178,0.013361443208203457,0.03025348565097868,400.0,78.0,0.0
0.015853360640617195,0.025397480576569483,0.029242739093933528,400.0,79.0,0.0
0.010541765037214362,0.010714248371194179,0.023589211604983132,400.0,80.0,0.0
0.011855827686684492,0.010438773773729945,0.023811840507055614,400.0,81.0,0.0
0.01202877081748212,0.011060673557214871,0.025240125369552755,400.0,82.0,0.0
0.017275597114101204,0.015654952775915536,0.03162229458541475,400.0,83.0,0.0
0.011636139318654416,0.012041530390465339,0.022994960381571446,400.0,84.0,0.0
0.02399226848994408,0.013560668044600715,0.025135547818724027,400.0,85.0,0.0
0.017283330031534146,0.017041306985912188,0.030861749644762758,400.0,86.0,0.0
0.01918217190547043,0.031442483417022764,0.0366179160538753,400.0,87.0,0.0
0.014190175526710166,0.01342541514496707,0.02940560393673288,400.0,88.0,0.0
0.010363834536186035,0.010176560795218847,0.022437587638421835,400.0,89.0,0.0
0.012591920493567953,0.01361197657791504,0.022687934443036017,400.0,90.0,0.0
0.0292100703264054,0.030204080031231213,0.04927653159100498,400.0,91.0,0.0
0.010835576923604422,0.010523108138127799,0.023557330117609087,400.0,92.0,0.0
0.008391249777853518,0.008629540741944115,0.02193560152497701,400.0,93.0,0.0
0.02817889879783964,0.025290586302867856,0.03877207169404569,400.0,94.0,0.0
0.011462623372719728,0.024095233695823275,0.023435859632158565,400.0,95.0,0.0
0.01960633447799692,0.017800586217927038,0.03741509634284136,400.0,96.0,0.0
0.01161826228626709,0.011788771532459906,0.02537996514627239,400.0,97.0,0.0
0.01906358065004691,0.016933818965806632,0.03547708944035837,400.0,98.0,0.0
0.011499554517601306,0.01176825893824816,0.02049063261238765,400.0,99.0,0.0
0.011567149481589975,0.011495254709053328,0.02934905140255896,400.0,100.0,0.0
0.009770678924103366,0.040937683467154054,0.030030987083106378,500.0,1.0,0.0
0.007478456085156075,0.00779124030427198,0.018547478204086892,500.0,2.0,0.0
0.013594422433497417,0.014325519687295346,0.023919437465285024,500.0,3.0,0.0
0.007101936798777506,0.006776353536222258,0.02074824496605954,500.0,4.0,0.0
0.008197645951479786,0.00788317489801469,0.020465584702539917,500.0,5.0,0.0
0.007009855381286665,0.0067622781971068855,0.015016861011162974,500.0,6.0,0.0
0.01091083854328884,0.011454745149144274,0.02728818389897515,500.0,7.0,0.0
0.011987725609250658,0.007490269598286595,0.025641128607687087,500.0,8.0,0.0
0.01376733947873502,0.013366256247082832,0.02512081952980172,500.0,9.0,0.0
0.009873730516820247,0.009944258772519315,0.020707179640837403,500.0,10.0,0.0
0.017844471238081912,0.02424525606950714,0.025888641969961712,500.0,11.0,0.0
0.025703338574996584,0.023602143489188022,0.03409168419491313,500.0,12.0,0.0
0.021149166700588536,0.021042913094660998,0.0313910348813622,500.0,13.0,0.0
0.023248600879472937,0.02398763069726511,0.03345077879897391,500.0,14.0,0.0
0.016299141624260147,0.01641613704327747,0.025146920754390074,500.0,15.0,0.0
0.0180825801930358,0.01867190528968103,0.0330645739769928,500.0,16.0,0.0
0.009179198796335759,0.009351738811523534,0.02005230237557673,500.0,17.0,0.0
0.010419214282953183,0.010006115698071711,0.023885376638469822,500.0,18.0,0.0
0.009184173648442958,0.008303790762624405,0.022302001613634135,500.0,19.0,0.0
0.007841884665630775,0.007747943760416163,0.01803062465351304,500.0,20.0,0.0
0.007645388398176509,0.007670145816285782,0.016089423043708723,500.0,21.0,0.0
0.01413181429964898,0.014430393940985818,0.022401841191078745,500.0,22.0,0.0
0.011678026720661894,0.010324377709258726,0.02478613833805861,500.0,23.0,0.0
0.014597870520616368,0.015316082763943025,0.03139176536451178,500.0,24.0,0.0
0.015702258155905712,0.015397301747940167,0.020470799211682416,500.0,25.0,0.0
0.01977514597310157,0.019815759787839813,0.030308699685370793,500.0,26.0,0.0
0.00918344450465355,0.008731521559635599,0.01789118494586354,500.0,27.0,0.0
0.010941297149231831,0.010974716702427905,0.02213294134486442,500.0,28.0,0.0
0.007312586973022117,0.007198475461415851,0.015850208287784807,500.0,29.0,0.0
0.009488149641209153,0.026825264672756973,0.024822432239466886,500.0,30.0,0.0
0.006841525490921904,0.006659513928085563,0.012570081170295953,500.0,31.0,0.0
0.00945750215981015,0.009191161662262947,0.01827415150602896,500.0,32.0,0.0
0.00771323830355673,0.00779298117978274,0.02332679932640314,500.0,33.0,0.0
0.02197669858376303,0.022872873285627874,0.03247837965971946,500.0,34.0,0.0
0.011594775409868927,0.021361555958142327,0.017973165339826104,500.0,35.0,0.0
0.012227710329757824,0.01217728468903735,0.023958948746752765,500.0,36.0,0.0
0.02465776382753466,0.033063439447009874,0.03841112338470633,500.0,37.0,0.0
0.01027908920205286,0.009731749431343195,0.01874505938066495,500.0,38.0,0.0
0.01223154505145831,0.011910611735499798,0.027070902004623674,500.0,39.0,0.0
0.010260087740649538,0.009652126559692427,0.021388004058943113,500.0,40.0,0.0
0.010991239990117483,0.008835576971781847,0.022705468860650207,500.0,41.0,0.0
0.007022052857382785,0.006933905878150281,0.019054154740138607,500.0,42.0,0.0
0.010716811358320283,0.01076598459635441,0.02172689328622253,500.0,43.0,0.0
0.008477847819169205,0.008634594010166653,0.02010371883731294,500.0,44.0,0.0
0.013370455577519022,0.03263893378838993,0.02420763533825242,500.0,45.0,0.0
0.01421192949860481,0.013768723636124714,0.025372448140780622,500.0,46.0,0.0
0.011045369939796606,0.011173576590620921,0.01850220867042221,500.0,47.0,0.0
0.008785021606225284,0.008468784220256143,0.019165550396684026,500.0,48.0,0.0
0.011727632774944492,0.01090263704804976,0.024270508913113862,500.0,49.0,0.0
0.012074848388683567,0.012047066128726587,0.02438555052035941,500.0,50.0,0.0
0.005674785221054444,0.005738433957712737,0.01361443734959232,500.0,51.0,0.0
0.010074149467247152,0.009490990494344433,0.027516955928557987,500.0,52.0,0.0
0.01025264307864458,0.009382486057134133,0.018399885877603866,500.0,53.0,0.0
0.012351604135611614,0.023366510903052192,0.023497929170398977,500.0,54.0,0.0
0.00821203514792325,0.007875743310604911,0.02119115865038991,500.0,55.0,0.0
0.01838133468568681,0.01770464032839733,0.0275419612402005,500.0,56.0,0.0
0.01885631690528898,0.011034807986597582,0.01923928094134471,500.0,57.0,0.0
0.013379319174946537,0.013210674777001349,0.023768843241167667,500.0,58.0,0.0
0.012862334218105344,0.011767074359295578,0.021940661912266735,500.0,59.0,0.0
0.005881201327330523,0.005897969395446214,0.020715061776312257,500.0,60.0,0.0
0.011370478959895248,0.010609404907087998,0.02319109097191014,500.0,61.0,0.0
0.009147024455198797,0.009073433571438768,0.01890384732311777,500.0,62.0,0.0
0.00943039497560491,0.009655453319662966,0.0180408164143735,500.0,63.0,0.0
0.014976033142083423,0.014708924323194811,0.030574621988354984,500.0,64.0,0.0
0.012798553546958974,0.010564384272653687,0.021137163673859687,500.0,65.0,0.0
0.019539268874018235,0.01955344596466515,0.025702135780574262,500.0,66.0,0.0
0.008603878078398528,0.00851679340235725,0.018887694280077236,500.0,67.0,0.0
0.015323118471524799,0.014729066743409226,0.02616242493939777,500.0,68.0,0.0
0.011082717916063998,0.010829420146538742,0.02054205890813288,500.0,69.0,0.0
0.009343743495932703,0.02355813212300465,0.019374130302149923,500.0,70.0,0.0
0.007011131158224113,0.005729016094901882,0.01330369369950055,500.0,71.0,0.0
0.016833428305746485,0.01676428989408984,0.02833959040208064,500.0,72.0,0.0
0.009658717835267712,0.009465431616308148,0.02105393656248336,500.0,73.0,0.0
0.015618125017410221,0.01527664059307032,0.02120824235466896,500.0,74.0,0.0
0.012808484918609623,0.011765827713542816,0.02981905770120182,500.0,75.0,0.0
0.009181004893659611,0.009511933414448788,0.022315634251583755,500.0,76.0,0.0
0.01230443791391035,0.02992851053106615,0.020994837354335757,500.0,77.0,0.0
0.011381742785743724,0.011148643302869524,0.024269892536000273,500.0,78.0,0.0
0.011335616809173329,0.01123921992590087,0.023528334656081853,500.0,79.0,0.0
0.010132700580816546,0.010192025679246545,0.01837649487762062,500.0,80.0,0.0
0.01555695324507477,0.015781193836223138,0.030936255972332943,500.0,81.0,0.0
0.008739914278343835,0.009136375935516885,0.020793271651529596,500.0,82.0,0.0
0.007386838995471487,0.0078026680325550294,0.022999833946361212,500.0,83.0,0.0
0.00779518973145327,0.007604982545362333,0.025719659171840915,500.0,84.0,0.0
0.01044911789533505,0.010360709845841549,0.022196542749756597,500.0,85.0,0.0
0.007610532622409643,0.007432238441307917,0.016158580058766966,500.0,86.0,0.0
0.006803941568429561,0.006419587681112068,0.015532955631778117,500.0,87.0,0.0
0.013283790713033074,0.013694663670160005,0.021052874621378833,500.0,88.0,0.0
0.01167020649347464,0.011744506008189699,0.02336260014819765,500.0,89.0,0.0
0.007135628303568221,0.00734353067482398,0.01595929984819822,500.0,90.0,0.0
0.01193198893202645,0.01167939241337246,0.01987385928100205,500.0,91.0,0.0
0.008848506993947665,0.009227541927831769,0.01799278294976812,500.0,92.0,0.0
0.012842851498271546,0.02410527762211096,0.022312387356216812,500.0,93.0,0.0
0.01103546907062751,0.011368733904951044,0.0255325508532213,500.0,94.0,0.0
0.008672822350631881,0.008187438903031174,0.021372274577696027,500.0,95.0,0.0
0.011892604988296583,0.010897908642874876,0.022437333613198447,500.0,96.0,0.0
0.016918374628493462,0.016537551986935253,0.025727523514759536,500.0,97.0,0.0
0.01309820128142946,0.013426105065994348,0.02332059194381068,500.0,98.0,0.0
0.007618617627397421,0.00788180394144072,0.018548840509817897,500.0,99.0,0.0
0.006755199747204376,0.022274701641225792,0.015480681101545699,500.0,100.0,0.0
0.008696527658906016,0.007690636758033832,0.016826736293115766,600.0,1.0,0.0
0.011185355442863964,0.011221218806618343,0.01993955080596376,600.0,2.0,0.0
0.01290862242686453,0.012919983884799119,0.023464001036858927,600.0,3.0,0.0
0.007875246817768753,0.01843190543450677,0.01576697511356982,600.0,4.0,0.0
0.007875480675373952,0.007684731111125438,0.017871966819383293,600.0,5.0,0.0
0.00564056069545826,0.005304059662727951,0.012618695558539245,600.0,6.0,0.0
0.0042934354741453115,0.004337071756394125,0.011027574488535629,600.0,7.0,0.0
0.007059612312154284,0.007131244256643161,0.014667590152520968,600.0,8.0,0.0
0.015026990637878417,0.014082325940553532,0.022323032749862474,600.0,9.0,0.0
0.013697054403210186,0.01304337287489561,0.022786017247643956,600.0,10.0,0.0
0.009001600091949016,0.009585406860685442,0.018588010145908804,600.0,11.0,0.0
0.005280772408149184,0.004698658121152851,0.017406769579965124,600.0,12.0,0.0
0.008764557056277267,0.009153034434340354,0.017783080223655923,600.0,13.0,0.0
0.008659283947498667,0.008956446384405658,0.021137547322612114,600.0,14.0,0.0
0.009566826448297835,0.009484722322865003,0.025999065180837118,600.0,15.0,0.0
0.008720352686327577,0.008861776124586463,0.02222821248692942,600.0,16.0,0.0
0.014014606692591908,0.010377438491988931,0.016951814031440526,600.0,17.0,0.0
0.02296114361217126,0.011024400260669965,0.025915217782355313,600.0,18.0,0.0
0.013210640373690971,0.013178332949554996,0.02064648561075066,600.0,19.0,0.0
0.00565622927111478,0.005783774308241941,0.013877956442238328,600.0,20.0,0.0
0.01050639302840192,0.010372949283980025,0.018703349302837968,600.0,21.0,0.0
0.008524986913181352,0.007683539829473753,0.016108850657533924,600.0,22.0,0.0
0.009457705143751508,0.009867074112028043,0.01647265258308627,600.0,23.0,0.0
0.007797021263698437,0.007889966576241072,0.016159172790690755,600.0,24.0,0.0
0.008790854311591044,0.01342780234805923,0.016603119932958675,600.0,25.0,0.0
0.008912987365971924,0.008888417309252885,0.018804130985188426,600.0,26.0,0.0
0.009326297831194867,0.009932308052816108,0.02033671059387906,600.0,27.0,0.0
0.008257552620611704,0.016319850884063784,0.014229163438553828,600.0,28.0,0.0
0.012624875049093993,0.013595075636997989,0.02299446924817517,600.0,29.0,0.0
0.006303531262440852,0.006341671028112113,0.013529823011201564,600.0,30.0,0.0
0.008267350829261734,0.008278660282393543,0.016745032840548048,600.0,31.0,0.0
0.008679312284070078,0.008329861243811899,0.023200174028358403,600.0,32.0,0.0
0.007690130452540777,0.007681183696017595,0.017405151291535782,600.0,33.0,0.0
0.009764647209491578,0.011632128663198881,0.024733580005690856,600.0,34.0,0.0
0.005720950469396294,0.0055837050017853735,0.014379043463365755,600.0,35.0,0.0
0.00851139642277095,0.009089182057763648,0.020913308131067114,600.0,36.0,0.0
0.007426627810723432,0.02095358053823868,0.016297196954832286,600.0,37.0,0.0
0.006736170799582063,0.0066033995920146814,0.01541372351471568,600.0,38.0,0.0
0.01183767788839087,0.012353363527799179,0.02546925280002247,600.0,39.0,0.0
0.007195668308625615,0.006895696851605313,0.01748369076125362,600.0,40.0,0.0
0.007503109169904676,0.007210479009018625,0.017708823213660758,600.0,41.0,0.0
0.00619967149259639,0.0061660640661063615,0.019017633606419632,600.0,42.0,0.0
0.008032516458032152,0.007387036067686701,0.01596514002693809,600.0,43.0,0.0
0.008035297594924619,0.0073892702114956065,0.016212986613945404,600.0,44.0,0.0
0.00907344074344168,0.00546754965240792,0.014257272609869658,600.0,45.0,0.0
0.014014282339390342,0.01315551534437473,0.02105545862225588,600.0,46.0,0.0
0.04088191636920619,0.020111889783004492,0.016957106265592634,600.0,47.0,0.0
0.010761159479860125,0.01804037477250844,0.01452410090355337,600.0,48.0,0.0
0.01047485456758815,0.010182764308279753,0.021898686627561694,600.0,49.0,0.0
0.00945141373787935,0.009081001794389535,0.017372676616507376,600.0,50.0,0.0
0.009228917032073984,0.008977982026231875,0.018127296898352102,600.0,51.0,0.0
0.012925014919039406,0.012883713219475675,0.02140728441770789,600.0,52.0,0.0
0.00793494316411048,0.007613450813404875,0.019542986406116104,600.0,53.0,0.0
0.00869197160999343,0.03243055512132727,0.02068419456748604,600.0,54.0,0.0
0.00712408043113586,0.00733065563954906,0.013736489152441838,600.0,55.0,0.0
0.007027016277132432,0.00687215816164372,0.014620973565508717,600.0,56.0,0.0
0.015879542283144695,0.015183599652509537,0.01601650565662589,600.0,57.0,0.0
0.006233505390292966,0.006170221717693845,0.015540443603677397,600.0,58.0,0.0
0.012880799139438842,0.012355035409398635,0.01823999587657219,600.0,59.0,0.0
0.009442445400535219,0.02425283580996672,0.016931167861699754,600.0,60.0,0.0
0.010112960963967016,0.010048476738871341,0.016486100476581653,600.0,61.0,0.0
0.009164881684870828,0.009236053654389653,0.018879481745621107,600.0,62.0,0.0
0.005545063896433176,0.005443140815165849,0.016896088961997322,600.0,63.0,0.0
0.010977513571010818,0.01096881554784978,0.021425774213926763,600.0,64.0,0.0
0.007542427910408553,0.02907247640923355,0.017150427219943705,600.0,65.0,0.0
0.027657865213794052,0.007015787876966941,0.014911144992055663,600.0,66.0,0.0
0.010662424142206667,0.010689820501316259,0.018263112439926146,600.0,67.0,0.0
0.015326568771595108,0.015408797866112297,0.02560206306313526,600.0,68.0,0.0
0.009370631481388874,0.00966001333399006,0.01791987266092917,600.0,69.0,0.0
0.007781202295559729,0.027226149254297703,0.016555386210988187,600.0,70.0,0.0
0.010400910016379558,0.00955870766682541,0.020664683300656374,600.0,71.0,0.0
0.012695099279516418,0.012916213603711611,0.02276552006918374,600.0,72.0,0.0
0.009874276004302029,0.009565064252356339,0.019282660347413782,600.0,73.0,0.0
0.006592288005425649,0.022996308712737907,0.015788570091071884,600.0,74.0,0.0
0.005308404281672648,0.005531781784523065,0.015374144405807925,600.0,75.0,0.0
0.006854488086102207,0.020032091248232672,0.015599446653672952,600.0,76.0,0.0
0.008424984801821741,0.008768562759375653,0.019037977353144747,600.0,77.0,0.0
0.006743169344510328,0.006717594899960584,0.018050073601465513,600.0,78.0,0.0
0.008960103849935168,0.025349924241420258,0.018924420382382876,600.0,79.0,0.0
0.014332505555294016,0.03081966606959438,0.02354358175243885,600.0,80.0,0.0
0.023477126317826693,0.011604160251254892,0.011382533997527143,600.0,81.0,0.0
0.013767086837564784,0.012281168124209893,0.021891246445999515,600.0,82.0,0.0
0.005304578899244617,0.005791468240819806,0.01288495931106011,600.0,83.0,0.0
0.008344123914961012,0.0071867301082565015,0.018431514701784283,600.0,84.0,0.0
0.009710730884545283,0.010049919657902652,0.020828163651796093,600.0,85.0,0.0
0.018626254079168306,0.018962899545677276,0.028940706393676633,600.0,86.0,0.0
0.007860820375264609,0.00776881546497299,0.017023797376221856,600.0,87.0,0.0
0.012699822028067326,0.011439852793937545,0.02051116976356841,600.0,88.0,0.0
0.005231696762173719,0.0135314421920653,0.011757974581221235,600.0,89.0,0.0
0.02216077968587328,0.019764315057481847,0.023605902163606127,600.0,90.0,0.0
0.005095281250950635,0.0047630739574759514,0.01617928046021919,600.0,91.0,0.0
0.01006996161855927,0.009050058947665675,0.017641446594495548,600.0,92.0,0.0
0.006925657342688936,0.007392790859974165,0.015089530266839792,600.0,93.0,0.0
0.009589505218977874,0.009144929470774079,0.02238413887044751,600.0,94.0,0.0
0.007934641346374682,0.00801147570845149,0.01634060803111445,600.0,95.0,0.0
0.010946703534216728,0.010655746253125776,0.019282868189824602,600.0,96.0,0.0
0.007512329385634238,0.03714233515847355,0.01745243351123825,600.0,97.0,0.0
0.010187442437962477,0.010049559708919346,0.022100759641558235,600.0,98.0,0.0
0.036788213783492285,0.008029316314448878,0.017131007960484952,600.0,99.0,0.0
0.00537215248767397,0.005005593410175138,0.012531292868781527,600.0,100.0,0.0
0.010841951618055623,0.01104167200615835,0.017864599824099495,700.0,1.0,0.0
0.004569261958486009,0.004542365931204831,0.008642429289191537,700.0,2.0,0.0
0.004817291959488403,0.0044585669821121995,0.014844709030401693,700.0,3.0,0.0
0.006344845351278683,0.006606144305774827,0.01515610721301472,700.0,4.0,0.0
0.008268250137778323,0.007817974342080288,0.017175927985597098,700.0,5.0,0.0
0.006834659295180201,0.006896243306815982,0.015539532056212644,700.0,6.0,0.0
0.006524055608485105,0.006460324177599299,0.016842990330901496,700.0,7.0,0.0
0.010310969456673159,0.009535937308675014,0.01867021179369928,700.0,8.0,0.0
0.005062108349278272,0.0198406693725377,0.012625254481569722,700.0,9.0,0.0
0.007127444987870637,0.007826790202886872,0.01697758546460451,700.0,10.0,0.0
0.009275459154206927,0.0076140651114589624,0.01599154349327017,700.0,11.0,0.0
0.007913068812654984,0.007836459796653386,0.014630160745882836,700.0,12.0,0.0
0.008051693073100018,0.007993462719557184,0.014842855748412915,700.0,13.0,0.0
0.006462975780280276,0.006610283741138674,0.01271857209615828,700.0,14.0,0.0
0.0070945179865144386,0.007065264642470507,0.014176220521808771,700.0,15.0,0.0
0.013310601516341362,0.03621350931496362,0.018304547999831493,700.0,16.0,0.0
0.010287476090225426,0.02355444149852566,0.01725281928995877,700.0,17.0,0.0
0.005282837012550597,0.005352664336258293,0.01188109147219355,700.0,18.0,0.0
0.005124686318365138,0.005372538477228724,0.014762373911771928,700.0,19.0,0.0
0.00511536648778687,0.0052114056620393735,0.014494859848432738,700.0,20.0,0.0
0.007091975157268659,0.01934275680786448,0.012971048566447162,700.0,21.0,0.0
0.007733022247287984,0.0072900915212064194,0.013948350532322289,700.0,22.0,0.0
0.009839681560598468,0.024019156379157875,0.020092074136086966,700.0,23.0,0.0
0.007175924044814054,0.0066168107171713855,0.0168882884622118,700.0,24.0,0.0
0.007373385879373037,0.007876822571677485,0.013631118463785815,700.0,25.0,0.0
0.008441479954799505,0.008622242163773775,0.014704905968140683,700.0,26.0,0.0
0.00536854158016351,0.005184658371795772,0.014568302156198963,700.0,27.0,0.0
0.007099215206676563,0.0071096953368091015,0.014286553992175644,700.0,28.0,0.0
0.006162158274540994,0.0057896265393738875,0.016091574247965968,700.0,29.0,0.0
0.0066414020784897965,0.007220308259516815,0.013549770337586985,700.0,30.0,0.0
0.004843636978418933,0.004700794507435807,0.014370712683848444,700.0,31.0,0.0
0.007127685324233432,0.0067894520876455675,0.013280794023624096,700.0,32.0,0.0
0.011055645427256601,0.010540338145873416,0.016888974956571837,700.0,33.0,0.0
0.005956622398502226,0.014079223988169671,0.015109238623622243,700.0,34.0,0.0
0.031832104155569516,0.006138790765699699,0.010881609014871643,700.0,35.0,0.0
0.007273478118898287,0.019463711806825434,0.014832238852681106,700.0,36.0,0.0
0.014848939763925942,0.01477536687963867,0.021629122973928515,700.0,37.0,0.0
0.005801342577652268,0.005921667080917382,0.015125014725458907,700.0,38.0,0.0
0.010577056943690257,0.010638112119817024,0.01928602597173714,700.0,39.0,0.0
0.004991622148762226,0.010899850382492714,0.00948402042822212,700.0,40.0,0.0
0.008038117918776054,0.007678090349147065,0.014405155351586794,700.0,41.0,0.0
0.004718530000770077,0.00492351824778693,0.01277999643906983,700.0,42.0,0.0
0.008756145444473052,0.008146426772891952,0.014733120341446268,700.0,43.0,0.0
0.006695408058162841,0.006513192983730615,0.015346206433382957,700.0,44.0,0.0
0.011026462187966372,0.01108920766452269,0.01779229708088976,700.0,45.0,0.0
0.009969090809849259,0.010049738279607291,0.019757005265948886,700.0,46.0,0.0
0.0108151027242523,0.011176616171897873,0.018558148111689137,700.0,47.0,0.0
0.005837632048224133,0.005543530827434922,0.013024401387436279,700.0,48.0,0.0
0.0054352462956046435,0.005336552968769573,0.016056238651030875,700.0,49.0,0.0
0.005775237177135903,0.005840590616828743,0.012195426147380638,700.0,50.0,0.0
0.012685495297982633,0.012387178135253543,0.021247434246077467,700.0,51.0,0.0
0.006245294721925965,0.005885902371649446,0.013378198900590757,700.0,52.0,0.0
0.00867078285032743,0.008515965354075105,0.013623812452778595,700.0,53.0,0.0
0.005817674395076641,0.005828740479633414,0.011232095932186449,700.0,54.0,0.0
0.00548880252527668,0.008241083864195147,0.01358969487717605,700.0,55.0,0.0
0.007729682385029118,0.007231218868486001,0.01607049551568019,700.0,56.0,0.0
0.011543148820434224,0.011411415847891236,0.018498529977474275,700.0,57.0,0.0
0.005550304669183749,0.005517387162221492,0.013703488871399435,700.0,58.0,0.0
0.008664629736110471,0.03492609264503919,0.01770241912330881,700.0,59.0,0.0
0.011272563133643951,0.01028112452264567,0.02127302770745021,700.0,60.0,0.0
0.010666272010258647,0.010768631378819242,0.0194141794187726,700.0,61.0,0.0
0.005494848679380843,0.005899246362796223,0.011752719484802556,700.0,62.0,0.0
0.011240182787553572,0.010929172835824051,0.020661483714117124,700.0,63.0,0.0
0.008134191229436006,0.008027083805583334,0.015442442339128119,700.0,64.0,0.0
0.00594015488158094,0.005873615031728242,0.012034113803461954,700.0,65.0,0.0
0.010687122281809989,0.010188513797676437,0.019659061720220982,700.0,66.0,0.0
0.018826731113141974,0.00901355189071546,0.02135355105223825,700.0,67.0,0.0
0.0058517726960394,0.00571877079766663,0.012762257031025407,700.0,68.0,0.0
0.007470807680748646,0.007884038735401819,0.01840805184416956,700.0,69.0,0.0
0.006873637002815849,0.014727603940736021,0.014791513274176486,700.0,70.0,0.0
0.004837969173860017,0.014715059348480188,0.01018893845411411,700.0,71.0,0.0
0.006134337154353469,0.006264993491967547,0.014932917210444563,700.0,72.0,0.0
0.006631216510665643,0.0063375426869724015,0.016338913301271664,700.0,73.0,0.0
0.006780504755848529,0.008658747554857812,0.014620598267450451,700.0,74.0,0.0
0.007148819797516791,0.0073752581258580184,0.016006569698748602,700.0,75.0,0.0
0.011114517042197212,0.010817745700281359,0.018753092937602068,700.0,76.0,0.0
0.008674933435211937,0.00884637355790912,0.019966414516170667,700.0,77.0,0.0
0.009139997180976247,0.0089491185369781,0.020388573052221637,700.0,78.0,0.0
0.008833593533222793,0.008593541721334566,0.016035274346599623,700.0,79.0,0.0
0.010865987137249546,0.01108636707721704,0.017274620503752114,700.0,80.0,0.0
0.010127112958373855,0.029537898547371898,0.017333537281679044,700.0,81.0,0.0
0.008931387880858455,0.008603183722664698,0.016681985412660503,700.0,82.0,0.0
0.01056040489479816,0.00991673182456775,0.01645703697360426,700.0,83.0,0.0
0.007362596685902664,0.021604560737698262,0.016570165732891377,700.0,84.0,0.0
0.005268238195240564,0.01535049111630937,0.01394611848884756,700.0,85.0,0.0
0.006143324973879686,0.006143211642470732,0.0150571006275664,700.0,86.0,0.0
0.004853577930441654,0.004715636894474855,0.013111037198978496,700.0,87.0,0.0
0.006542647127075328,0.012165021190762225,0.01184691408911601,700.0,88.0,0.0
0.008991172141974035,0.007831138678376263,0.015142626854213049,700.0,89.0,0.0
0.007984055148396145,0.008272876193224225,0.01916316442729972,700.0,90.0,0.0
0.005212237772155021,0.018147297230063968,0.013951167428557,700.0,91.0,0.0
0.005838726888761095,0.005646439188884716,0.012439369894957888,700.0,92.0,0.0
0.007498219563192986,0.02415421458400121,0.017144549465434297,700.0,93.0,0.0
0.00995478572915881,0.00972713531586928,0.020556253138071336,700.0,94.0,0.0
0.007749136467269352,0.007311227250231838,0.012350549737038367,700.0,95.0,0.0
0.028922790914538057,0.014007200741561072,0.028155708492956517,700.0,96.0,0.0
0.0072768260613047635,0.007405761214057745,0.014201084938611004,700.0,97.0,0.0
0.006888826741129948,0.006734161285374411,0.018038764463086245,700.0,98.0,0.0
0.00669261748664984,0.00742143344401678,0.014089073138730776,700.0,99.0,0.0
0.008838308780741527,0.008455067072419626,0.015155412356018935,700.0,100.0,0.0
0.008556423815569491,0.008571139081658317,0.015472730188722394,800.0,1.0,0.0
0.007970537307514089,0.007288572000741086,0.014932673097191118,800.0,2.0,0.0
0.0077366682618289105,0.007368034544221935,0.01401351692628673,800.0,3.0,0.0
0.006047354368425452,0.005835846809876827,0.012351359742858935,800.0,4.0,0.0
0.006461456188078359,0.015186396950870384,0.01755857496615504,800.0,5.0,0.0
0.009259166789322886,0.009469322655094892,0.01568569699110086,800.0,6.0,0.0
0.007746623751734135,0.006220907523018949,0.013839466198369461,800.0,7.0,0.0
0.006170137363830069,0.005842307896171731,0.011572320191065858,800.0,8.0,0.0
0.006125198680508716,0.006164684532976911,0.012582627993822393,800.0,9.0,0.0
0.014019323028427332,0.013940486060504296,0.021658672993810385,800.0,10.0,0.0
0.005768554343452526,0.005742911119873635,0.009493903736217528,800.0,11.0,0.0
0.006230658568927021,0.005947551646097338,0.012960308835606971,800.0,12.0,0.0
0.0058809413683112155,0.005946720852648206,0.013198337166450481,800.0,13.0,0.0
0.014290186493647121,0.01386302442198972,0.0205556372559261,800.0,14.0,0.0
0.005293198996066988,0.0050697306112073405,0.01173406589809048,800.0,15.0,0.0
0.004795475373623302,0.0043770264608946445,0.009053900377545089,800.0,16.0,0.0
0.007526748482724207,0.007335844759356127,0.016608338387771142,800.0,17.0,0.0
0.006650289942279136,0.005796322710356594,0.012406831799413232,800.0,18.0,0.0
0.007240552575197727,0.007201711503515152,0.01437512289881059,800.0,19.0,0.0
0.005754645633011996,0.01935855706131287,0.011808465709584699,800.0,20.0,0.0
0.004877176424046527,0.004927475976698564,0.011734584202714171,800.0,21.0,0.0
0.006182882314776264,0.006148408390889046,0.016794276195230783,800.0,22.0,0.0
0.004207758879857922,0.004322433535328001,0.009908361540891118,800.0,23.0,0.0
0.007970617195646566,0.006401936059115962,0.01280810001062039,800.0,24.0,0.0
0.007877696525892394,0.0077399238423957835,0.016173514562746495,800.0,25.0,0.0
0.005103685896945054,0.004969257874261243,0.011950776839709947,800.0,26.0,0.0
0.0038586778747985834,0.004086001636951485,0.011175889820224652,800.0,27.0,0.0
0.007856936776890882,0.00779901808480036,0.014347753317104745,800.0,28.0,0.0
0.011822763129096867,0.011375209569560129,0.016158825059642265,800.0,29.0,0.0
0.0071007680949928,0.007016686533161688,0.01293343828387174,800.0,30.0,0.0
0.005247354277602305,0.005325378459017454,0.013342929800749493,800.0,31.0,0.0
0.0051267111661946725,0.004900784738932768,0.012022527968677145,800.0,32.0,0.0
0.005561626925582083,0.005881480736080853,0.014571190695368904,800.0,33.0,0.0
0.006348460462958816,0.00559550151762976,0.013612349184132361,800.0,34.0,0.0
0.004257320137374445,0.011357273925129594,0.008606804820139962,800.0,35.0,0.0
0.007966551765446557,0.0077546305891676185,0.01709981212267156,800.0,36.0,0.0
0.01023667498816719,0.003985771182422277,0.011569038137007926,800.0,37.0,0.0
0.009032102033041877,0.008631403598965586,0.0185236292338939,800.0,38.0,0.0
0.006722804129595335,0.004014054918816066,0.010635409370052435,800.0,39.0,0.0
0.004973123002761703,0.004724004395449358,0.01079646750572026,800.0,40.0,0.0
0.00595495719192842,0.006014157305126953,0.011464014397055577,800.0,41.0,0.0
0.006179145782412454,0.006111827192489623,0.011899860481984844,800.0,42.0,0.0
0.006698087951915497,0.00682475306165174,0.01659435689431338,800.0,43.0,0.0
0.005114163340721013,0.004849912284153415,0.012798621108166505,800.0,44.0,0.0
0.00792467770796522,0.02575540659183707,0.01362620256363303,800.0,45.0,0.0
0.007175955769507987,0.0074656568513783,0.015994131830364272,800.0,46.0,0.0
0.02793379634647118,0.00950318544382588,0.01073021141707549,800.0,47.0,0.0
0.008196560717692303,0.008772178042018908,0.014938623740928737,800.0,48.0,0.0
0.008951251339384458,0.008802512134572522,0.014969878317682907,800.0,49.0,0.0
0.006262975057466041,0.0062367758293056345,0.013720360802319928,800.0,50.0,0.0
0.004297697614897579,0.004092028270790091,0.009127602691676598,800.0,51.0,0.0
0.007936057736053211,0.00823650095359978,0.016273260887993655,800.0,52.0,0.0
0.006599252476349222,0.0070378583753038185,0.01703357301725378,800.0,53.0,0.0
0.008375348186146958,0.00836932801091515,0.015303385830676485,800.0,54.0,0.0
0.009859836224273211,0.010166372960687868,0.02022857047708623,800.0,55.0,0.0
0.008216560244066461,0.01145204013093615,0.019304833339553188,800.0,56.0,0.0
0.006659823340561503,0.006426382568801549,0.013642361000462781,800.0,57.0,0.0
0.004214906124867169,0.003905400415734488,0.010900597939847332,800.0,58.0,0.0
0.006657981031983639,0.006498713287681694,0.011485033483274218,800.0,59.0,0.0
0.008405956660873872,0.00884396471049319,0.01477811576569936,800.0,60.0,0.0
0.00853037356675723,0.016381947344005277,0.016573929233761837,800.0,61.0,0.0
0.005392555699512062,0.005347044688849941,0.010468396752995544,800.0,62.0,0.0
0.006580409881966622,0.006359391620138996,0.014954603544734988,800.0,63.0,0.0
0.008298510723345113,0.007602768588408145,0.013369248905862146,800.0,64.0,0.0
0.004920117826866118,0.004051616477086236,0.009618051862088325,800.0,65.0,0.0
0.006557154653508877,0.006347796553766355,0.014341106903457674,800.0,66.0,0.0
0.013616633372519548,0.013701960544701337,0.01933442632757867,800.0,67.0,0.0
0.005717166808554964,0.005734803694423533,0.010552579768602835,800.0,68.0,0.0
0.009846157146134567,0.008758295159534748,0.016928629523465098,800.0,69.0,0.0
0.017429022680106838,0.013620591862372605,0.022127163809337186,800.0,70.0,0.0
0.016966559672151618,0.007657359239268933,0.01063816262611053,800.0,71.0,0.0
0.006013060733573979,0.006062068400762122,0.012295254319729856,800.0,72.0,0.0
0.010083631965577022,0.009941740416746194,0.016149572281316374,800.0,73.0,0.0
0.009198793577234018,0.009286009404596177,0.019413671497632474,800.0,74.0,0.0
0.008983815428381106,0.026575045257765006,0.02132669431847894,800.0,75.0,0.0
0.006087885372885678,0.005924961432978311,0.01670284481225613,800.0,76.0,0.0
0.005210765179981865,0.0051661057531873006,0.01143497213754652,800.0,77.0,0.0
0.010426309759808268,0.011173203887129102,0.01977061734029499,800.0,78.0,0.0
0.005398057379082857,0.005747238589056837,0.013034335350980952,800.0,79.0,0.0
0.0033691820049887335,0.0034541147478375197,0.01140878527511982,800.0,80.0,0.0
0.005420256358229297,0.005570528242131201,0.01371643883191743,800.0,81.0,0.0
0.0051262279638487245,0.005458596171526983,0.010150865657797738,800.0,82.0,0.0
0.006700132565109779,0.006609465760135069,0.011451168463178122,800.0,83.0,0.0
0.0054914282184347005,0.005352156384531756,0.010802831939255932,800.0,84.0,0.0
0.009253145480802642,0.009610744121166906,0.016160547095501288,800.0,85.0,0.0
0.005271410251087729,0.005095812969171939,0.011551760865851678,800.0,86.0,0.0
0.005252035256288172,0.005814344191896596,0.011095554104890059,800.0,87.0,0.0
0.0064681292953564905,0.006535478318343957,0.016084437282557536,800.0,88.0,0.0
0.008299249629310484,0.008638739207260824,0.017450477411873888,800.0,89.0,0.0
0.0046405966370530625,0.004985294641267975,0.012892045761383131,800.0,90.0,0.0
0.005426784486098377,0.005634225121115927,0.013131000565149315,800.0,91.0,0.0
0.008058876679042872,0.007509899469916929,0.013329117435249838,800.0,92.0,0.0
0.021228079853618517,0.004385157920256344,0.01248043562472099,800.0,93.0,0.0
0.0043758729866229225,0.019231043369855153,0.010001520394301498,800.0,94.0,0.0
0.00392649110167905,0.0044154401425205774,0.01532668820143128,800.0,95.0,0.0
0.006442222652368992,0.006215213330563362,0.017945246456697067,800.0,96.0,0.0
0.006299019887965307,0.011070085834756514,0.011970866616628119,800.0,97.0,0.0
0.0054607891706114344,0.0056099480007033966,0.014464077951812052,800.0,98.0,0.0
0.004286184868187746,0.004170768096700593,0.008769837453676257,800.0,99.0,0.0
0.0049440409466299335,0.0050165235949953925,0.013753750301720147,800.0,100.0,0.0
